0.0559757382867872
0.0463666206665692
0.0591899054912143
0.0525034176810533
0.0474188685648565
0.0402588041974088
0.0500832184126464
0.045227717358666
0.054519442066987
0.0475083179818025
0.0390975293434202
0.0507403454423204
0.0486884791795818
0.0516777136057607
0.119736047738863
0.0571978763314008
0.0566686958089128
0.0452685546550053
0.114214580122699
0.0475873713980368
0.0274156286839889
0.0575620707995057
0.0445543122101735
0.050754291931128
0.068061146564795
0.0415041351967566
0.0640047079407597
0.0707949214045407
0.0423494443442767
0.0389715336023541
0.0433490131177743
0.0750854787884344
0.0503411642747676
0.0614387246048451
0.0421132144550464
0.0180387439724523
0.0327365508523172
0.0374785836824864
0.0365652674177865
0.0573741089103467
0.0499390321652742
0.0304539382880788
0.0931429707620629
0.0633815887333332
0.0538936981005197
0.0413869426023343
0.0344892945462779
0.079319170218133
0.0685096102055648
0.0339838846129258
0.0467640537136988
0.0684164677058618
0.109734616826498
0.0221776704312263
0.073591274196077
0.0533398700736545
0.0417978398293669
0.0773346837635503
0.0962846573011775
0.0353234869536079
0.042710367145702
0.0426771696090186
0.0611733976391397
0.0338315868084692
0.056356473508612
0.0239080916967499
0.0363055393478078
0.0453553269972343
0.0278830875065089
0.0410650286427883
0.0347101361693708
0.0260769277042435
0.0350698600461018
0.0794172099678677
0.0453253691703845
0.0314803107851469
0.0917376792347505
0.0835250663791016
0.0600074017143208
0.0382727333609254
0.0597439897917682
0.0705849990602595
0.0811809886599855
0.0321327872376669
0.0425839335761058
0.0455075963922175
0.0575841539879718
0.0463036078796947
0.0757932730993622
0.0454062154018617
0.0145775182257881
0.066246108861166
0.0233800691643341
0.057524060881135
0.0360076865950148
0.0449323587758699
0.0470126685121724
0.051570440046812
0.0201448009573517
0.0294518488359263
0.0828883734913774
0.0626718717638235
0.0555483098381869
0.0918651674364451
0.0726480394924275
0.0340323165290598
0.0811990444487603
0.0821629347628509
0.0199454373348548
0.0457465090146688
0.0760996069041205
0.0314796778680066
0.0259119946032277
0.0525094823502922
0.0344141330976766
0.055768891090768
0.0439182874675534
0.083214178970723
0.0234612061427638
0.0327232414749731
0.0611485532027427
0.0593516012816517
0.0417715743492808
0.046769521169391
0.0539771261615107
0.0210730736646717
0.040949126167693
0.0446760978354953
0.0518503406888161
0.0501329732990929
0.0395718990174061
0.0246410800668475
0.0485636769418016
0.0499243307862764
0.102987231336294
0.0614616962174934
0.0628963629171976
0.0299775962156744
0.0378172699119542
0.0240484162615845
0.0934036771869151
0.0397880243949589
0.061411108682823
0.0388968069938664
0.0388142856988656
0.0378568799429722
0.0291226730420021
0.063432552474216
0.0465546606844518
0.0508696015669703
0.0405290223803708
0.0562479619416275
0.0514520938920026
0.0517472271706916
0.0686629279641202
0.0559579820194582
0.0333414850753196
0.0600621624437313
0.0491171761458063
0.120129173982926
0.0667305697535584
0.0526029505269414
0.0449397728671684
0.0315695184725634
0.0199448220931047
0.0717199686905721
0.04269955723722
0.0352973198373672
0.0657911113329035
0.0429486007034798
0.0235281072551494
0.0270094496134551
0.0773081590233641
0.0619989453171579
0.034713198245635
0.0365296732677475
0.0589749468235602
0.062553641196355
0.105823546614552
0.0710307881536315
0.0490627373713179
0.0430692561128427
0.0628600694700001
0.0185836818095333
0.0190500871825177
0.0532630220195284
0.0188211941010326
0.0461394005494877
0.0859764056858416
0.0550034853139451
0.0595617355379931
0.0328718345755529
0.0314343718655193
0.0583934678908401
0.0295468178592329
0.0733168432447397
0.144246280398064
0.0469083101044513
0.0579459650639729
0.0459248209617298
0.0465764464246202
0.0482396764973219
0.104226248324418
0.084501399320533
0.0555916466536778
0.0714113329381613
0.0482284574130673
0.031917526858133
0.0660949888396427
0.0863221976676822
0.0336047876670259
0.0493560658407548
0.116620042728601
0.0324447525077525
0.0450126610087547
0.0271530796377715
0.0738488846435411
0.078318677111396
0.0845580738775739
0.0290664235981361
0.0394272027192924
0.0550593149938237
0.0515959194095698
0.0586163612474182
0.0788678691002514
0.0321552416801682
0.0435927921397729
0.0745435149227491
0.0459786977618857
0.0611786928279409
0.0368437966121651
0.0388644363016893
0.0441429107288408
0.0777202721372802
0.0301087544252282
0.0526613564274706
0.067761254871733
0.052346697266102
0.0471835191493136
0.0277315851522901
0.0751326121817403
0.0400899108028399
0.0462695543996464
0.069895534722357
0.0814817372503653
0.0821150479112877
0.0551796382581211
0.0388689623993201
0.0598338391530354
0.0870118937377559
0.038956041407332
0.0627847728600271
0.0482068433651997
0.0484828175091596
0.0502678629538817
0.0636910209486097
0.0332946891875094
0.0669782972165271
0.0466031091043321
0.0550926679979565
0.0559919664457016
0.076708858127551
0.0276159164999504
0.0456476363616349
0.0710441144248944
0.0330840033527442
0.0599467145742958
0.035828405103969
0.0480707259199981
0.0380214476232197
0.0466376274827208
0.0721334625284225
0.0408576093771074
0.075850157624378
0.0653310947874518
0.0273365049537821
0.0860925251723359
0.0625655443081701
0.056986999276657
0.0451895749655019
0.0874084146841522
0.03565420343415
0.0444677236201983
0.0416468616179918
0.0608350717538639
0.00537156907425162
0.0943947827316233
0.0251518989144419
0.0341122176723998
0.0784372391607298
0.0536294928563035
0.0679754756919045
0.064011131953417
0.0398675531069349
0.0530757395635233
0.0550505986741084
0.0786330806349245
0.0560338880096042
0.0652046163027497
0.0377156018357622
0.0334457877161781
0.0748084224373
0.0590551175008499
0.0458253119460276
0.0167879515339803
0.0496392656105387
0.0633658670716155
0.11256479173047
0.0678743528756403
0.0513138466863331
0.0500106955639012
0.0630685118418481
0.0675009738671765
0.0815554002804672
0.0452819427229482
0.0777068338678865
0.0414924388544131
0.0480227501038305
0.049649350780763
0.0590281897400963
0.112164010546653
0.0284635903073082
0.0716721959163596
0.0442899079022556
0.0486118627021384
0.0541849990283434
0.0775583881255197
0.0461531154482569
0.070969593533276
0.057460272001507
0.0356614114118143
0.0265650204488364
0.0762106358368092
0.0886701821019443
0.0448634391471796
0.0706482048755988
0.0354050429273419
0.0615754814132382
0.0384903791984754
0.0684592001855831
0.0790919563650085
0.0514154622016332
0.0359299523647941
0.0399173793849899
0.0188255325855739
0.0458988046391879
0.0598381585998429
0.0343399474202161
0.0498545524513318
0.0511542963293928
0.0723111300126551
0.054010570950677
0.056993191941867
0.056371257131681
0.0264618465630957
0.0300603506270325
0.0894400130734763
0.0500724232890866
0.0275552251911398
0.0588539119487898
0.0863721223058783
0.0841565387451297
0.0483666248936869
0.0342819414771574
0.0729967160923097
0.0409562657455177
0.0631815327358313
0.0792582368739233
0.0940565566372562
0.064306124051197
0.0929743114458986
0.0856108230398271
0.0386340476111714
0.0340822637787091
0.0433004151863257
0.0424928501621339
0.0160616215780146
0.0399504133022374
0.082927891843003
0.0670198038096187
0.057425523242774
0.0554366958410466
0.0362405214351386
0.063913051017022
0.0309248791230964
0.0345684753373013
0.0319188028056402
0.0507103427343387
0.0520308280985768
0.0292612107104995
0.0258710385902815
0.0821039074363459
0.0679158653093195
0.0385351499043901
0.0369498397652353
0.0395084074376818
0.0105662280585179
0.0508826828794815
0.0850405157916137
0.0550943490557731
0.0547216033874251
0.0426292549952653
0.0551723969191641
0.0520329630874054
0.0605201160510695
0.0533310902954231
0.0446788085686063
0.0668758302157326
0.0514058950993508
0.0531045571674934
0.0463628865945619
0.0348764121226406
0.0530176407941753
0.0579692251864091
0.0452560680157462
0.0339466334918111
0.0454295525906427
0.0356210714436487
0.074646892516866
0.0855222992492051
0.0265036189234703
0.0312241381316389
0.0839351929630738
0.0314481760056552
0.0598527841581798
0.0619746635646394
0.0536810670988466
0.0538565638333211
0.0613258634386877
0.0547299036298499
0.0550574216931773
0.0370522234450255
0.0514539859347732
0.0471572375572089
0.0469281060718132
0.0310286909539352
0.0999335733902392
0.0545037560838115
0.0892037625109752
0.0459780679520609
0.0754088877312032
0.0451116984809298
0.0757668366429931
0.182057321821883
0.0591140488333486
0.0603970181590482
0.100761395685906
0.0597600855414914
0.0354181417474335
0.0702313088634512
0.0379943439691821
0.0727227965698169
0.0512959280131386
0.0267334364975899
0.0357446866527991
0.0380370535481189
0.0370886324451381
0.0316366816855621
0.045162468224648
0.0283839931902074
0.0784905366372494
0.0476159635888253
0.0353800030549812
0.0206968233828445
0.154315493282605
0.0628364519053657
0.0365536195593409
0.0410360678513894
0.0481483742392534
0.0797548737199497
0.0734125118684323
0.052578904279479
0.0607305291892533
0.0584042144526117
0.0238178580973055
0.0870819506909375
0.0342805672100172
0.0554892421739436
0.0246474594639946
0.0423118819304109
0.0812775457243413
0.069908790794434
0.0484955462632873
0.06270885383916
0.0338110373854355
0.0496900139111985
0.0378664468296391
0.112849570749011
0.0509527263373628
0.037490100026309
0.0413417861822449
0.0875165247411416
0.0749892396942885
0.0672590660487119
0.0885381436267165
0.0161388299723346
0.0297510020289699
0.023105255225545
0.0534340719785225
0.0515206050693425
0.0759617148983895
0.0878298246749414
0.0444711490096478
0.0402867728344831
0.0307855450672161
0.0985518740508068
0.0420989061123716
0.0435113047865907
0.0679429820547231
0.0312614808980348
0.0475003595482491
0.0348117958665963
0.0328842433267601
0.0285293856166644
0.066854646087667
0.0671475914929466
0.0385502684687336
0.079174088070501
0.0644279571578217
0.0478576706240124
0.0372228321910641
0.0407137706169375
0.0794373460110725
0.0483012508410055
0.0271528875932126
0.0581558099806425
0.0456346087328683
0.0209144786619801
0.0456202250229465
0.0319099345533294
0.0643345878997447
0.0679059531360045
0.0309804271448757
0.0698423961590682
0.0652539137074306
0.0416529823596871
0.0356211060939819
0.0454383108779778
0.0413480457634335
0.073882120246471
0.0627029574256252
0.0545539821908047
0.0507439292601375
0.0774757874307112
0.0561877648195975
0.0434077217903007
0.0338786666783044
0.0673796115720195
0.0351751158112445
0.0553211744085807
0.0640387178070734
0.0428213258970499
0.0385787552578708
0.0401850390442481
0.0281344270001731
0.0413413544460967
0.0344550052236952
0.0698263932795836
0.0300068755407398
0.0414325602435796
0.03578475592927
0.0289369661422797
0.0607799176535719
0.0513269914638673
0.0379484704808636
0.11060612603335
0.0516706358081002
0.0574371903310671
0.0391859736353907
0.0238982217555458
0.0434058160327559
0.0287725020970886
0.0577285518827579
0.0310324642835815
0.0912620883243704
0.0436307317160463
0.0661594734047865
0.0244470008949557
0.0487513419107714
0.0338253038057962
0.0547891180479234
0.0688530436986271
0.0245593349559339
0.0759584862928453
0.0515365804787834
0.0516793172368394
0.0567050983227496
0.048824783151364
0.0205656573962106
0.0449339648873237
0.0532880049496243
0.0343886246431175
0.0491306060405724
0.0607603800411247
0.0390787927680736
0.0733660268978597
0.0786515821678318
0.0657882995576892
0.0593160939113299
0.0620786486249501
0.0373207477626876
0.063390368123773
0.0414535271645569
0.0299550609815814
0.0692722686864567
0.110958410578221
0.032333297285574
0.0475104744969199
0.0660547218623967
0.0501573009165451
0.0428169329632132
0.0519962568717019
0.0784720640443583
0.0510396606812684
0.0512396095502425
0.0735799456881908
0.0493265000356287
0.0482241844476892
0.0473742890721261
0.0576696724912298
0.0319759662093673
0.0641471537841854
0.0270449142871416
0.0498026280492824
0.0687390363986787
0.0564121092928356
0.0246817403402077
0.0531523347268146
0.0780722186527154
0.0420985218533239
0.0392130529178362
0.055862646240842
0.0444465485903386
0.0296041779533829
0.0572976121408962
0.0278868388716904
0.0172404476694039
0.0980486971940029
0.0830235256700723
0.0366188977241987
0.042743157203199
0.0627034099082667
0.0771007558618834
0.0249088502952205
0.0430757295606427
0.0398620830743129
0.0311615823071009
0.0423353819239608
0.0677298354957254
0.0382689662583524
0.026709038623654
0.040079701486659
0.0523228717158758
0.0725472758782924
0.0444574310840528
0.0341711833449021
0.0400470148702466
0.0436785548802663
0.046435481930252
0.0282673079971805
0.0889540078585786
0.0610666693313176
0.042970114462127
0.0348992304638137
0.0178935264276067
0.0613457159054432
0.0709637054869391
0.0605555356381223
0.0633422269265039
0.0451144569456565
0.0618199594055118
0.0420693473017151
0.0825563953079973
0.0382526452577118
0.0406752008420361
0.0307384419869254
0.053512713301792
0.0263019470934456
0.0553123384367954
0.0866950649846764
0.0677137644233652
0.0549788842596051
0.0683045349797355
0.0622376442634296
0.0732624332697718
0.0550758035404126
0.0524120422619805
0.0342894300386979
0.049151826126181
0.104656670136546
0.0370669680213913
0.048116111443506
0.0455114643590925
0.037280910329884
0.0444694566777053
0.0544384731583825
0.043171763310522
0.0324304898922649
0.0448598298663311
0.0509427554657597
0.0451286605798274
0.07726048079981
0.0815417692232099
0.0387902651109834
0.103401635952165
0.0401877901071628
0.0331907838514061
0.0109000591134066
0.0335843138944757
0.0617992645441187
0.118518090031764
0.0771090481167536
0.0498892233046099
0.0354818091784304
0.0504863864264224
0.0640646942702178
0.0560592565322818
0.0839087725918045
0.0439304171112709
0.10356829029201
0.0534538015492379
0.120101136273368
0.062192621207427
0.082867146455763
0.0695684591272877
0.0537249363397007
0.0464393770953315
0.0660226685119948
0.066482050484245
0.0499153136660205
0.086114616513487
0.0421289432877417
0.0575162327879637
0.0583063579410489
0.0576823845199087
0.0262288033597533
0.103527702970497
0.0433735274412397
0.0556338890923117
0.042154186564675
0.0845738516042182
0.0514955409237429
0.0356321138333445
0.0746702926886095
0.047517304276449
0.0446362109038013
0.0551534152606063
0.0637174690388279
0.0500903699528922
0.0672073749053836
0.0400147605047179
0.0402002416814049
0.0770948464012178
0.08873582395859
0.0378601959623456
0.056830673536358
0.0569520468952829
0.0873044073596528
0.0432238574298962
0.0732150757478728
0.0559892968266874
0.0257477124295458
0.0526662340752695
0.0404180435429163
0.0528246661657011
0.033453971051502
0.0333715064096201
0.0673373338271268
0.069967137634834
0.0838745459149965
0.0552890002275115
0.0747559066494712
0.0529777524391048
0.0979727059598347
0.0441584387911374
0.0492750470495366
0.0465450597757078
0.0430326324183297
0.112861858186271
0.0689946175418406
0.0345417995309504
0.0767536321410979
0.0614150660829483
0.0715884857325115
0.0428287382733348
0.0357057195840836
0.0949238145374983
0.0437138342511439
0.0948688326325253
0.0527554342470181
0.0481675745156267
0.051800048354803
0.0724160014988682
0.057629247917521
0.0187029931720455
0.0709948859043573
0.050393278941757
0.0515095207753488
0.0512472535198629
0.0688345119672978
0.0820108513316238
0.0825135459049526
0.0649765352654531
0.0458983091837965
0.0464758045391108
0.105206284038533
0.0466789762788892
0.046263638331298
0.0602602718064173
0.0820110667791603
0.0699327827038487
0.0880850328223343
0.0573416081151108
0.0276038959478803
0.086797470554153
0.0614718662438925
0.143660256845767
0.0514121377840984
0.050923233485766
0.049444175411845
0.0328489735281836
0.0338083251893612
0.0470983807006546
0.068770868087235
0.0483205342390565
0.0736851716941622
0.0684760697988122
0.0386916037088468
0.0682427942064625
0.0849360616927801
0.0299668650805485
0.0488146346863581
0.0326193492023698
0.0599118984552751
0.0323452934798073
0.0397035447337462
0.0620551782324519
0.0310056485984008
0.0478545577097113
0.0520719854833563
0.0484881400329149
0.0618936977888988
0.0835344388250224
0.0403605151416374
0.0694047197668995
0.0320425937048647
0.0763561552246936
0.0455847223163548
0.0348539375020103
0.0726963576029969
0.0415839704798253
0.0745312749409321
0.0663355790227161
0.0626735973812665
0.130423051002457
0.0489372144591239
0.0378590620615878
0.056397281408662
0.0848216943430798
0.0713028781271197
0.0509562233350249
0.0664369680053719
0.0761824270652565
0.0468457418248004
0.0259840623328764
0.044879843503135
0.056499176554716
0.0255047946736341
0.0842769402467215
0.0531470641053674
0.0380940646928115
0.0443891499602884
0.0475147641404592
0.0901780688938245
0.0691459087417717
0.0587473886914689
0.0326133481117978
0.0450589240234262
0.0612933370389521
0.0357745998180039
0.0922711211310444
0.0836749480290833
0.0397695078715076
0.0413564509459954
0.0346244936670194
0.0402428207872995
0.0557134037679617
0.0474076681265345
0.0419392840372195
0.0720559833969093
0.0459776594092626
0.0822888929620988
0.0455702963370525
0.0346592930921601
0.0473004868633411
0.073085375664807
0.0401181035271768
0.0774383434782422
0.0860143049305788
0.0386646625096223
0.0352531339182779
0.0331389313032051
0.068536077089627
0.0446755129636908
0.0297250820338736
0.0765435616475135
0.0374126167690704
0.0649633456181475
0.0516583014808316
0.0300127469125604
0.0454623908964111
0.0506090362423638
0.0479755786540254
0.0567586450065639
0.026981162425852
0.0395053829698251
0.0139053990021003
0.0351930825075993
0.037871472325661
0.0739578221862568
0.0637847996792798
0.0965151825484549
0.126165554758819
0.0917059657369494
0.0389837088574918
0.0551602499126049
0.046821807752492
0.0815878897748828
0.0448308286089902
0.060833714344968
0.0989537488975229
0.0775492369580491
0.0572625585551799
0.0362491337021712
0.0318143273281709
0.0757901676425565
0.0572941738986418
0.0449927897079218
0.0501402813113532
0.0630416730407006
0.0499678520264739
0.0523109838033769
0.0605926247069164
0.0727244467257105
0.067375347892522
0.0318448550158136
0.0608673754027195
0.0605129819004704
0.0391718903183557
0.0704365677020398
0.063142640474904
0.0245232325498675
0.0477696002276236
0.0961813246164988
0.0357862564754024
0.06657019371464
0.106386133862145
0.0260004044020933
0.0392717232886124
0.0712842207106949
0.0195302517980301
0.0794102341456093
0.0603558130570684
0.0450077355347242
0.0321607986244467
0.0839936614091959
0.100851965930653
0.0858081904666177
0.0490033284693057
0.0718991914634206
0.0316372687167278
0.0513423276031924
0.0766984121206134
0.0806419963370607
0.0466602459738521
0.0421662937381794
0.0380355262666532
0.0459127217329895
0.0595725451634063
0.0907502938555046
0.0698135292340255
0.0518194869992111
0.0524394101114304
0.0565140011562123
0.0634360780854513
0.0616286475509072
0.0284660392056928
0.0377826926892637
0.0559914585301078
0.0331332873088197
0.0645449607655418
0.0614371737873314
0.073678061148624
0.045080252026787
0.0362878983344594
0.0454510014353868
0.0676375114823681
0.0574484137076993
0.0433155171206643
0.0446158727945234
0.0687861465612686
0.084864552703934
0.0835452094450711
0.0376687590223742
0.0348187863321184
0.0450988763022166
0.0434854769231294
0.0766449631165777
0.0883881528570427
0.0528657689259608
0.0373579034043698
0.0654716322345459
0.0452355330514876
0.0509228513545969
0.0710618176745317
0.0954087290188034
0.0451379419811763
0.0682076705670513
0.0960278091232252
0.0542393652942955
0.0634106907110392
0.0451961429192869
0.0937174476155604
0.0440945991642927
0.028987039288649
0.0471480150341763
0.0774572780235694
0.0945096655452366
0.0256075417819855
0.0461928511724557
0.0372147213754151
0.0282838506946109
0.053702911184771
0.036533245609392
0.0742975746597226
0.0403732489842353
0.0559010673459771
0.0513921630841574
0.0803286713026495
0.051781004329441
0.0353120031248532
0.0442715727192146
0.0585009056563955
0.0884704755216313
0.0672925104489221
0.0470787776602236
0.0500704588553975
0.0863069211897562
0.0835840270842359
0.0689584846208044
0.0372919541096178
0.0486210091837264
0.105900223447494
0.0391612725027208
0.0693452342435071
0.0779260376769176
0.0359485405935397
0.0804082509527691
0.0205343846773437
0.0415898340124474
0.0253277781193386
0.0605700245103203
0.0692376595887444
0.0336618602550017
0.0537793118766123
0.0570462031538333
0.0233282044516416
0.0729405934325556
0.047774175834334
0.0459755692223346
0.057563404159028
0.0296857497580567
0.0374164150369917
0.0694717227950675
0.0278244717315197
0.0301067011081153
0.0343154610174148
0.0566376275313777
0.0440549903055882
0.0574950167594726
0.0469810268511886
0.0434243850063906
0.0564989449303129
0.025158560966752
0.0262834421422797
0.0495043690260062
0.0924239206964086
0.0697540862409291
0.0642269805463354
0.0584085642994829
0.0767986115611253
0.0486022487437239
0.046759889530409
0.0537348069317671
0.0840503363713079
0.0939497735579257
0.0740110766241359
0.0700203585744349
0.0336759108547279
0.0284163381742111
0.0429565054369011
0.0700323110512487
0.0411304886578352
0.120558639663029
0.0257747253178255
0.0411370194009377
0.0789556913836559
0.0873674991339899
0.0367947844033049
0.0213339341386433
0.0624031033922195
0.0752296558040232
0.0412103691688042
0.0492998333713294
0.0354493108899127
0.0388603535018208
0.0449796253486615
0.039076625326502
0.0636183033031044
0.0226706723002779
0.0567153169583592
0.0392808878056762
0.058349814726003
0.0382032596581154
0.0866257020988817
0.0419859947328444
0.0766897679883416
0.0425088986460321
0.074709388423628
0.0834723114987609
0.0362229212173142
0.0391075055356577
0.0682476295578651
0.0722820899511413
0.0596404476983419
0.0418425256196195
0.053587482558336
0.0456993910111727
0.0374039501155747
0.0314760206251757
0.0355022854588636
0.0265178140683519
0.052541131164586
0.0669033402201291
0.0537624060437336
0.0677248510138098
0.0524973530752804
0.0728757712822798
0.0592577289768957
0.0450765906862043
0.0613107757448818
0.0701640792172112
0.0565833650130835
0.0825290765579925
0.0440163042085631
0.0433193495789602
0.0522336873243523
0.0493264101862044
0.0313405982234675
0.0344287925302603
0.0325743725608128
0.057338094555092
0.0703768999234746
0.0399310349146383
0.0560609799346881
0.0507304828128357
0.042651220067696
0.0990057405551557
0.056439148822953
0.0610132134043714
0.0598965581060694
0.0317652881416897
0.0939174958395581
0.0796643754119727
0.0670625963364834
0.0539933886957627
0.0398650195723631
0.0711608763709115
0.0628718679437413
0.0331049958341981
0.0387462542344578
0.0728701036428528
0.050564460738931
0.0708416423416892
0.0635527978563281
0.0524486324896215
0.0509738002465679
0.0583421088834816
0.070316949840675
0.0292200355257225
0.0321066356162413
0.0489837168056864
0.0272269632391503
0.0621084734014838
0.0642888520231543
0.0500363384122631
0.0567178484434681
0.0563072457887811
0.0290215619863743
0.0644304660764702
0.0718679068487062
0.0498050886388545
0.0411847982775965
0.0444386209215553
0.0379399481231555
0.0757902705334851
0.0309607783518971
0.0587323548706314
0.0554125420082224
0.10591881271466
0.0474445329481778
0.0627781322431827
0.0362658335934888
0.0377114137768458
0.0828552898209517
0.0486557478301149
0.0636308053458556
0.0234896021046334
0.0896343139317028
0.0666795564137887
0.0532555719807597
0.0450471228646677
0.0338254587600474
0.0568178465839217
0.0649415217777254
0.0832308995759219
0.0460038476385574
0.0505623614448491
0.0759686642077164
0.0440748187625123
0.0436927884689368
0.056029418636581
0.0419154153960171
0.0655229777656832
0.0495924668108496
0.0667039494209553
0.0624294037021328
0.0556369395613794
0.0338462527764372
0.0292678990083222
0.0359293255460737
0.0407486206016854
0.0478156775232152
0.0338929607648363
0.0629111827112059
0.0525086617910747
0.0445991550958161
0.0303651013015276
0.0547536875118075
0.063668652684771
0.0484095194654458
0.0538263571980424
0.0492386326821239
0.0526793473196957
0.0518599195358545
0.0349242088578713
0.0254555898556731
0.0574118026474747
0.0361361663722523
0.0373113268360664
0.0528591159053165
0.028010746794493
0.0460389779910718
0.0450489183410737
0.04799777949292
0.0294980157791768
0.0855982797431399
0.0194122491222438
0.117483708063849
0.0655547751167246
0.0452511301787141
0.0469809986375806
0.0703096566991498
0.0525814374390371
0.050035351331986
0.0311471662740902
0.049791555941408
0.0225731038316466
0.0423338747422888
0.034100363589408
0.0323995712918475
0.0468286910410581
0.032651915686597
0.0442529259769292
0.0785038858802427
0.0394310380390486
0.061126650503699
0.0615498916160519
0.0518702272049552
0.0210195314344319
0.0658806911322803
0.0424954912873258
0.0476050964423645
0.0730254860856282
0.0292018937631232
0.0576985791605355
0.0473232058053484
0.0239513023529417
0.0634823848553883
0.0313824252715844
0.113523687477287
0.0570123644780351
0.0365995202971533
0.0503661915822573
0.0733735435344359
0.0319765172035985
0.0331808470188018
0.0512847728902041
0.0709007642040641
0.0557642376820108
0.0542191132648979
0.0700392782105839
0.11932519358671
0.051105993463259
0.077795576461122
0.0655439571535041
0.0414287651892232
0.0389813780299829
0.0376428052754544
0.0692976567832336
0.0239438353822018
0.0702930803969993
0.0407376097966465
0.0544857492179106
0.0485645654143508
0.0790050541595964
0.0712046304537676
0.0286710854827084
0.0345994133851551
0.104575510304585
0.0726980013111727
0.0670432434156264
0.0758515091559682
0.0319502240411677
0.0589733955471978
0.0435090479378785
0.0396375633771883
0.0296591159711614
0.0776547888012806
0.0249083421754143
0.0474272107995771
0.0400220248333498
0.0215622313453701
0.0465329280955663
0.0186254501243687
0.0573271970568222
0.0479331734217772
0.0458763048082345
0.0533130145002305
0.0295785483458515
0.0431347897527825
0.0917393112011909
0.0671683486814561
0.0500991483797511
0.0463943580908546
0.0869987063205028
0.0475816577192298
0.0446202233063538
0.076609051193462
0.0500497143216845
0.024285739993696
0.0644011433281491
0.0420241768250123
0.040615147013671
0.0533643059289466
0.0856013710139399
0.0459796372331752
0.0419175525287111
0.0180513194673434
0.0921052612918366
0.0709615308908644
0.053652100918745
0.0506175273895044
0.0720921703815756
0.0579963590618424
0.0839860318036705
0.0853130207112592
0.0323561312088935
0.0508235495715924
0.0952668035789286
0.0264430713598043
0.0837628908138546
0.0544175907094436
0.0531197465581571
0.0485067155991166
0.0399424229730669
0.0596157846901925
0.0242559838304729
0.0678778582568339
0.0571089162066406
0.0695129414639514
0.0442372989022747
0.0811549353872445
0.0826848012684753
0.0430473360643854
0.0258421283200576
0.0549555263252082
0.0443625734284797
0.0434219604020564
0.0594285328157716
0.0547132636161774
0.0549015372865626
0.0255946865544682
0.0623624741936993
0.0358140971707597
0.0436978109463514
0.0457366321947938
0.0445882411567123
0.0664529047057764
0.0149509117394144
0.0320746959797528
0.0304783528841901
0.0423296172510985
0.0675990774639161
0.0715493546032076
0.0187157105494071
0.0498699205731287
0.0532834259334891
0.0625516375323143
0.0353414929817018
0.0581389007369559
0.0902300002035765
0.0594407440538035
0.0648902659224501
0.0465686732556743
0.0531818760579816
0.0437417327716567
0.0458899898127981
0.0093271885988738
0.0405526274201144
0.0758576055182908
0.0468437304870273
0.0499715692347738
0.0797521649157917
0.0780649370561304
0.055978406690639
0.0672025193639105
0.0353743064796864
0.0265570908309274
0.0569978588456468
0.0715267932125832
0.0400818311394634
0.073227923987555
0.0237335035506475
0.0492196620088932
0.0422234533183403
0.0363426005538874
0.0738674481014194
0.0521997517922778
0.059369293826001
0.0335164363834604
0.0455170026278767
0.071459464593962
0.0611374918533117
0.0200704111258317
0.054826012307568
0.0527208127443522
0.0476152761501915
0.00861709659333695
0.0343323963029655
0.0572941548213941
0.0989741791456485
0.0629444082410285
0.0706150073140362
0.0685758620230199
0.0621275807432694
0.0268847693369721
0.0564379991797001
0.0727817674500292
0.0575744466518451
0.0678414806802293
0.0549153133882519
0.0420486348089514
0.11610592718004
0.0452898031300085
0.0629422592418781
0.0448538357645335
0.044422306072358
0.0617285496389639
0.0572709110757574
0.054970349284213
0.0418531360458769
0.0181356821350396
0.042283265547418
0.0670032565655771
0.0339841606200405
0.0464145438588107
0.028922784443986
0.0505255644834139
0.0729389008426908
0.0741332213894597
0.0485773042831002
0.0384806374616438
0.0676287733599448
0.0297758241540798
0.0425666557097313
0.0762072040813517
0.0280686593477178
0.12229099904717
0.0550991764713188
0.0498015620819689
0.0766707404141669
0.02975627628506
0.0812294256294755
0.0363510002229565
0.0294670530292374
0.0619122170961379
0.0832735096275642
0.0389325751286448
0.0439714716776242
0.0541589919685468
0.0553810216994577
0.0626283162444094
0.0552661552423496
0.0366771670626771
0.0409235687579237
0.0621833672514543
0.0671621944695197
0.0450947371896467
0.0237347424813952
0.0387338438882395
0.0488396516447271
0.0646964225677203
0.0728604941735861
0.0475065692738329
0.0723276041297982
0.0493815741891035
0.0648945083227605
0.0501662587277987
0.038216352798986
0.0550481461340715
0.0180281777402987
0.0528424723627468
0.037617191623938
0.0512803013038392
0.0268752699980657
0.0301985467963881
0.0360973648600182
0.0509004059472649
0.0630142235119809
0.0306010499367499
0.0684489720907843
0.0474477835867927
0.0619732757246406
0.0405814165447284
0.0438944028532324
0.0368756905819566
0.0620085728264273
0.0694223700903306
0.0541472971212061
0.0318767911427346
0.0510148538781261
0.0541971776355296
0.0691938241310628
0.0501541688056715
0.0606640502490059
0.0479007312346937
0.0373329130346838
0.0643768093683694
0.0455775355764523
0.0378535847530471
0.0484191858146066
0.0356007970372135
0.0357105544044133
0.0382295058752999
0.0529926356749631
0.0340150828836585
0.0581367362523147
0.0653667626246265
0.0376342201641158
0.0533506755375288
0.0578643790183358
0.0658269125858992
0.0534989179475266
0.0656961770000159
0.071368688521675
0.0389426612952404
0.0230394255972785
0.04854639626178
0.0501056300624619
0.046132534967926
0.0361699877962572
0.0475722573028887
0.0675463001410974
0.0636262904929814
0.0382242993851004
0.0601400662780397
0.0552686425802232
0.0400688115352413
0.0481283558224389
0.0356877077873807
0.0772607335058727
0.132020617108109
0.0750202795529461
0.0528390459408279
0.0344171965977941
0.0384204909218138
0.0603100273437021
0.0392353540179803
0.0582838910812611
0.0492561292036207
0.0574150928367996
0.0837766537962567
0.0461968904289078
0.0570800534915683
0.055103478497693
0.0674534272165013
0.0225660161563652
0.0447698073949817
0.0309641994590649
0.0804276808858136
0.0588502494448459
0.0511124079434189
0.0426273424014009
0.0435769028261898
0.0216713530955177
0.0727895467962709
0.100022502847551
0.0681800009216812
0.0489539725138311
0.0557109910868385
0.0566312694401348
0.0569850675564026
0.0556289580524368
0.0540933823503516
0.0516373493324028
0.0583234115503756
0.0882804670882825
0.0468568275889256
0.0431514835013893
0.0334836579802942
0.0819507534296995
0.0321647041651802
0.0286434712239754
0.0407427267046703
0.0637489436033467
0.0303896492366892
0.0398798625178718
0.0338447163333301
0.0328471034936252
0.0231545331037363
0.0439056470279841
0.0691271690670303
0.0888376152990615
0.0465261937806343
0.0513225882228294
0.0768566850551625
0.0688798868817849
0.0347555328330164
0.0483689734023538
0.0723759556122216
0.0423722125279755
0.0475286819051842
0.0390195665075127
0.051446948597599
0.0406836001501215
0.0825546217395208
0.0521530578431782
0.0402978337156592
0.0414557666823663
0.112612260007868
0.143541013851151
0.0454803007982656
0.046924839654903
0.028324155515611
0.0615653473820188
0.0354742309582123
0.0561732212249506
0.0636034541264094
0.0237093382899706
0.0405135059824085
0.0549790678180647
0.0280889394734868
0.0496457832338904
0.0244506526265436
0.0617481998677355
0.0821183216143794
0.0407093169221212
0.0523219996761509
0.0494370281773412
0.0419217429716577
0.0368537856655909
0.0842004468662907
0.0568953234119609
0.0491423912868151
0.0509712978764029
0.029404832971727
0.0561436022447205
0.0308181339228441
0.0440517638014711
0.0366686693037225
0.0457806153711357
0.0666953152011913
0.0548407094585046
0.0379821030434164
0.0795463266051185
0.073319706646981
0.0669124657963337
0.036516425434877
0.0632259716899733
0.0654353647695819
0.0452422676696634
0.0658304176062669
0.0650039515636342
0.0610320452700808
0.0351098394931576
0.0304556304243547
0.0900968940226883
0.0618232056166942
0.0574379590790975
0.053201003766603
0.0542469780780928
0.0474447813328467
0.0438213989078245
0.0526112669869914
0.0076142917007205
0.0401489893712439
0.0442143156296936
0.0310228219272663
0.0519577763103469
0.0281030091599458
0.0673364398605819
0.05203685287602
0.068081694694611
0.0534210549571995
0.0365614870821131
0.0796671513767987
0.102369842380952
0.116072985810722
0.031777522665101
0.102573321608612
0.0633705278891504
0.0662257113868697
0.0558013632392831
0.0357976527760009
0.0673453244713969
0.0695512122394318
0.0356890355713858
0.0494293360319895
0.0280013059855704
0.0660101550633017
0.0276894785354605
0.063426491564596
0.0391504442241622
0.106056423624936
0.0327082402262436
0.0695031357829597
0.0555281607241352
0.0658356315241068
0.0207456438689618
0.0716868856036145
0.0514346633533299
0.0293846819556263
0.0870340062999229
0.0363260851613517
0.0645068872969371
0.0225131099949736
0.0614871434893893
0.0561097945735381
0.0540077996455253
0.0845542311053502
0.0457145649576267
0.0253354272432658
0.0555216692086972
0.0708696954797659
0.0627331518383742
0.0667582559503771
0.0467491283851938
0.0649791911745566
0.0661838157031032
0.0628352437153813
0.027384064975426
0.0507001933798837
0.0382164962308133
0.143731316129182
0.0677905928645542
0.0411207111382795
0.0356466005267591
0.0695520827699084
0.0521853643983096
0.0507880885279644
0.0409373283076738
0.0747713782812224
0.0499448470300825
0.0425889013013577
0.0474551839318469
0.05247732357759
0.0578294555797411
0.0193660298942526
0.0511114633582611
0.0282329253757505
0.0364329264667761
0.0473629549811306
0.0493846611658948
0.0293655740342121
0.0395284858221347
0.0881111766060876
0.0574223241625788
0.026053966402935
0.0439063668894229
0.0392415117447448
0.0712594372463542
0.0453545404031328
0.0627321832583113
0.0739982157778647
0.0279562342406343
0.048310395434786
0.0473313224280175
0.0719842067090952
0.0754053622255255
0.0433314994543694
0.0232619858253854
0.0537253249475811
0.032285494350123
0.0665967653992729
0.0315622258649404
0.0825017372923756
0.0405264281975719
0.0504357320033723
0.0664618990089688
0.0565198641721459
0.028233488857473
0.0711497739737493
0.0425889582188898
0.0514750434496972
0.0532275901744922
0.0171829359947408
0.0731912675314753
0.0607348957064638
0.0734113913377729
0.0765671187302021
0.0635920226024416
0.0532024450886626
0.0560656354526598
0.0420300807093609
0.0930633199132669
0.0556080781869597
0.0591474682519412
0.0356863928540275
0.0288102517070821
0.0745772675588652
0.078343576380896
0.0310466799400143
0.0618813158277266
0.043434877214988
0.0451761823592614
0.0764781512932376
0.0743458557213237
0.0533225584489509
0.0856609529240532
0.0708938176206808
0.0610231708263061
0.0656505509674575
0.0602154071669875
0.0721923997874536
0.0525383711838576
0.0437908804030897
0.0429985719927702
0.0341563071330501
0.0301211902774097
0.0410239522582649
0.00705748738867458
0.0305934956076364
0.0755517347622815
0.0763180636424962
0.0587729948785155
0.0441653170511865
0.0794496539108025
0.0462237573270132
0.0241266490001794
0.07719555775216
0.0647590938862574
0.0658066438306179
0.0677116395519634
0.0680173854695633
0.0522321089464196
0.0843762797887045
0.042221065195383
0.0573831322302916
0.117414311039858
0.0484711007591129
0.0469369859343286
0.0356119518336725
0.046843956007815
0.0232966139394754
0.079713820109242
0.0330837114346789
0.0859527586577742
0.0333901541408963
0.0472072173566485
0.0819147987647565
0.0581924463524754
0.0911990940134616
0.0498582583824466
0.0486585904686521
0.104105715206508
0.0403562074091023
0.0511128877720125
0.0600292854138216
0.0398738584941703
0.0633210435678832
0.0498482768285067
0.0673146926094393
0.0655968625552725
0.0538183511731938
0.0462108922809019
0.0691410294150982
0.0604758250501631
0.0580836226463669
0.0902052733774795
0.0555811004364407
0.0585064466303159
0.0630832212016917
0.0423876063879071
0.0527791195875386
0.0280677437150633
0.0510430187429998
0.0283270976744578
0.0832717361157219
0.0365459512193177
0.0836411331058405
0.0700524694557643
0.033923706514709
0.012712134893203
0.0335307036967679
0.0642385651120045
0.0614648259864048
0.0746230397325727
0.0558208465177908
0.0460290064130687
0.0422812722399704
0.0609156486679664
0.0372256514826991
0.027167753975327
0.0245147217133614
0.0626452380073925
0.0538765559752702
0.0555183833290662
0.0405904712137833
0.0490676271491511
0.0361387473900635
0.0407979874945034
0.0412730452568783
0.0694905991149432
0.06729954171637
0.0733519879071131
0.0431814940056258
0.0649197855411832
0.0489992839748881
0.0486585918266139
0.0740489134388711
0.0281942743779765
0.0607046300598117
0.110610321616513
0.0512400628083141
0.0326551882065085
0.0208206035162316
0.0341414670027738
0.0624194719729486
0.0226663973733358
0.049611840093138
0.0619872160435795
0.0422130585700495
0.0448683372033065
0.0432250994656132
0.0789211742571245
0.0261446999867638
0.083454015841015
0.0442240275084036
0.0324146081209402
0.0835448759360617
0.0624831789500306
0.0270848777416335
0.0448069225275796
0.0429842112340993
0.0421041585309647
0.0843574378109538
0.0309323163025216
0.0682231824548841
0.0363704527406224
0.0353148440296857
0.0613672227543488
0.024827583364943
0.0416610154891673
0.0845034386201195
0.0485338023066498
0.0312121735797223
0.0725967895388919
0.0652037367414315
0.0809220286397467
0.0487697555991172
0.0194749358695773
0.067206963311304
0.0356269091477234
0.0627699644394889
0.0574072953509024
0.067296615740584
0.0691740462128387
0.007109099695905
0.0597368391923903
0.0573869887146901
0.058155290799263
0.0581120496533726
0.0184244667344781
0.0468713739001806
0.0356458758020355
0.0518453695558025
0.0503574487140953
0.0707911428662462
0.0344816281397742
0.0622607766869782
0.0652835624920767
0.0875765163785916
0.0411746459001398
0.088794050651456
0.0497339129841001
0.070149616446309
0.0761437814899683
0.0325342757326528
0.0642270205307219
0.0537313016142779
0.0509734456842911
0.0643623158396813
0.0400799613398378
0.0379546567032327
0.0484154142874432
0.0599262133424849
0.0370680981600153
0.0457843102432478
0.0862575157730537
0.0606481668518543
0.0128691419314141
0.0407978869973632
0.0560227688163147
0.0378090313493735
0.03182901785255
0.0124794243183341
0.0213482248912029
0.0295769050780612
0.0393605181004573
0.0404440775833694
0.0662808509084615
0.0385736102296672
0.0400689705227753
0.0345039555535935
0.0542213919152005
0.0553789511154968
0.08858183089345
0.103462198286546
0.0658773520417556
0.0701422354163259
0.117994590725347
0.0505999805105074
0.0411740985305044
0.0760605918402496
0.0206080944568189
0.0554196268544804
0.0648563927339332
0.0565330408275258
0.048929129134122
0.0354991742275345
0.0225176326426909
0.0536401166238863
0.0556876859946695
0.0871448634993536
0.084094568643572
0.0719719954393362
0.0285770927349096
0.159347828512394
0.0195344304096276
0.0468683480618852
0.0502837048279974
0.0357825338609139
0.0757162785765087
0.0382715495355733
0.0240163475634701
0.0626354536143698
0.0518263958662664
0.052672246741492
0.0829295200326595
0.0657724603445904
0.051233708228382
0.0701063530619132
0.0464644757438453
0.0815001760898851
0.0441694515590262
0.0523503568773637
0.0543895888831793
0.0309451439426074
0.0548484805908911
0.0330733661493176
0.0536112573203806
0.0283613055831383
0.058329751269741
0.046840539222658
0.0356471346089792
0.0475983104112984
0.044173364133267
0.0851817109533361
0.139251258109041
0.0332067469585623
0.0252151334716639
0.106441958068687
0.037148168379824
0.0577959798616814
0.042636356100066
0.0579673114638398
0.0805197625059681
0.0710284412776718
0.0340608426319615
0.0369716032957992
0.0407755304413162
0.0493297023093732
0.0594843994771789
0.0549689657437824
0.059962245176056
0.0436903995837445
0.0565297034630242
0.0755292403187818
0.0788914860942734
0.0644190351921097
0.0356908049913241
0.0326999252079654
0.0765114910311636
0.0591657866043325
0.0742977726949444
0.0334160278358966
0.0452348702257047
0.0345015313532797
0.0349108411547477
0.0542703256161294
0.0952394950067764
0.0618706985069836
0.0684141847912489
0.0444140536340476
0.0650966388248341
0.0455058553358421
0.0548159653560724
0.0549704799395518
0.0492985077416447
0.0394671832391939
0.0528189853342644
0.0790865146731676
0.0790071054423173
0.0638112854416567
0.0320321390606559
0.0424725545374196
0.0945394469781952
0.0585788205472418
0.0444302792196965
0.055662093791792
0.0175510453933748
0.0300449289212222
0.0533377013806574
0.0394969531674957
0.0643838822302542
0.0964003533277127
0.0694053752313536
0.0725616292811163
0.0380290044202892
0.0491547050372223
0.0730800188369557
0.0897566317200278
0.0384156078470603
0.0332325825067254
0.0619078211502086
0.054386372026979
0.0639757046693601
0.0795058008095656
0.0318646696066333
0.0296726866100065
0.106585982400865
0.125812451824412
0.0504560858087156
0.0619263305707939
0.0698057866204531
0.0690167263158942
0.0891652958500056
0.0423331844877451
0.0387771619547771
0.0682099527296244
0.0479834976781514
0.0468500082450899
0.0417921227381389
0.0656948815553031
0.0522022832810727
0.0577164756448594
0.0525466012911571
0.0597069352612332
0.122590865516698
0.0921922377583185
0.0538475402793877
0.0636262254284821
0.077740360549524
0.0551455022474752
0.0415024652471776
0.0439422455544793
0.083669628789799
0.0879497172991995
0.0430585929255536
0.00943916054578738
0.0555802091082571
0.0473088765175369
0.0464341769355885
0.0171433879931682
0.0866189278176892
0.0861337726451454
0.0778888765307565
0.0510251481276182
0.060890945264169
0.0519841575167036
0.057266222309781
0.0517394401083361
0.0543267121049191
0.0625733325596478
0.0580660206677266
0.0709160915824216
0.0721433814324122
0.0463861263210598
0.0458328946846977
0.0703126779015764
0.0512985863487547
0.0751327902352643
0.0586141169603094
0.0533935432525996
0.116664488149092
0.0441908610542345
0.0562385853309808
0.0399429720663248
0.0547260228612247
0.0437478354615676
0.0404979160004016
0.0428924208930188
0.0778240860717885
0.0789992042991783
0.0419659233100641
0.0789072538410894
0.00813418558860732
0.0664275632030259
0.0243583441583625
0.0326966387918839
0.023284611988559
0.0938785928226252
0.073979258177587
0.0219898925123865
0.0943591793139725
0.046704897626396
0.0585376889539512
0.0362165979915637
0.0227789117945254
0.0921001074975428
0.0583463237051856
0.081395056779204
0.0371983588696497
0.0597948670294481
0.0511637397994531
0.0505977792421087
0.0411373154852902
0.0713231940990945
0.0479003749968639
0.0478312216879552
0.0552825963678999
0.0400485875433045
0.0651251283923667
0.0245924832376844
0.0463666649693611
0.0685734115376789
0.0400121102516868
0.0520906539985624
0.0255512863247749
0.0599325496259496
0.056734828049394
0.0383581271246846
0.0726737874411288
0.033016200823407
0.0828627679827673
0.0212101806549706
0.0712067818275345
0.0611715509287029
0.0480475919057284
0.0559737224284544
0.0763230096166115
0.0607335133278351
0.0760074017036796
0.0509589363564026
0.0536606579255533
0.0401396325840035
0.0508236727700923
0.0488839235980651
0.0474749937218597
0.0789116017499654
0.102252283868018
0.0758982880882734
0.0330194748810361
0.0482437147495573
0.0381693295132914
0.0758459751664632
0.0481622477804708
0.061817496959746
0.0279508198781494
0.0518932893463197
0.0513384527301805
0.0540067001335865
0.0444711243067307
0.0599001205196501
0.0663507802432276
0.0493274311346048
0.0473487646331591
0.0616423161891432
0.0796647614232589
0.0519119656385399
0.0692599791828146
0.0815156681807449
0.0478942910875982
0.0561668562346443
0.0752087710394123
0.0858309808663729
0.058960981597869
0.0631872440606989
0.0704475175142342
0.0681626861691449
0.0282417322276216
0.0355897820487136
0.0172371866622742
0.0387241333344785
0.069727478390941
0.0602285875223518
0.0503620998621176
0.0281255303449915
0.0261359737352381
0.0624998145721245
0.0437438246069435
0.0277503034177729
0.0622889066356785
0.0750384785481313
0.0494751140469793
0.048178268428977
0.0463383120796994
0.0551544949180747
0.0660286301583167
0.0790214374264023
0.0612610095153019
0.0349030208064607
0.0586655479605894
0.0604520920604835
0.0400528540876793
0.0558569247578101
0.0614554483230141
0.0802091993793053
0.031415074200555
0.0306606827717516
0.0974403512551025
0.0577942512472037
0.0699715556893243
0.0505362637065343
0.0407644488566221
0.0706074388307837
0.0419439781645518
0.0304963130901216
0.0585935553769558
0.0331271689498224
0.0656797618141082
0.0628597701961525
0.0424948489269554
0.0354218472894502
0.0580172919795945
0.0863750496817926
0.0486900188105576
0.0477268284066919
0.0306951454305065
0.0560585107801241
0.0371582715769307
0.0312395054972868
0.0480782332259351
0.0586302316200481
0.0487023650419528
0.0511521193733894
0.0409668859614378
0.0347475008478214
0.0508205040161982
0.0497006803952084
0.039769961164343
0.0517490025955038
0.0243862468127961
0.0256746734510727
0.054729061153199
0.027299328387506
0.0520000141716843
0.057730727872339
0.0366610020293622
0.0496148637067729
0.0762452246346376
0.0700205134963774
0.0562638604378585
0.0342171146066069
0.0615147680183255
0.0550263203079931
0.0826000798879991
0.0298745056452311
0.0426113814709047
0.0360243275848339
0.030201619441436
0.0531131937795136
0.0420708373024371
0.0536388482254271
0.0715819928984475
0.0501235806621304
0.0603270197556873
0.0575886789734615
0.0560419308224479
0.105862526034623
0.0934598522211871
0.068531888704124
0.0746552338780222
0.0364530399763098
0.0240132303656593
0.037714831118587
0.0442813748389735
0.0680567239162796
0.0953692378789088
0.0532669707266715
0.0715996548173863
0.0664391651502869
0.0365204428012675
0.0261904755717676
0.0301405361564976
0.0654601320594934
0.0394812965155033
0.0769965018182267
0.0341358470038778
0.063347454641501
0.0556038069377829
0.0308969528464803
0.0542587567839565
0.0168638120265628
0.0468467300378972
0.0393211747545551
0.0325874406631019
0.0665085030897595
0.0449868783449759
0.0749014366331279
0.0421432864795736
0.0357753076970099
0.0718401692612444
0.0318851880780227
0.046198792834318
0.0481236818139001
0.0632974825715585
0.0278184160827541
0.0803150727433744
0.0429910893756077
0.0574772516487201
0.0455997557912488
0.0482624888146446
0.113074451315776
0.0310371680162281
0.0372200253619419
0.0402745260867226
0.0573731814554757
0.0364932085310196
0.0364058048341472
0.0755773506810764
0.0601758895669396
0.0467800055995988
0.0551083948981373
0.0597361244147949
0.0455593632384487
0.0781469740012823
0.0476438574174412
0.088519911677469
0.0208215770225603
0.0427616526278596
0.053018318762196
0.064760790380421
0.0573623856134389
0.0648822390695168
0.058006406037094
0.014072137886741
0.0650698246353364
0.131940399076529
0.0555839637094048
0.0634171707571172
0.0525398528790146
0.0588473989159326
0.053922024250058
0.0585054151642056
0.0441712232741978
0.0299703547479973
0.022567530936913
0.0488984531563597
0.0580674844243824
0.0548255013319233
0.0421995439191303
0.103811396504917
0.0311502742384905
0.0508454647799314
0.138775937754603
0.0663139356924633
0.0767141000205152
0.0490132446247484
0.0800268878161182
0.0861960040982687
0.0413930128104236
0.0924955302979137
0.0469014936344597
0.0309730593928523
0.0837083166971529
0.0632884236381172
0.0288496220396221
0.058165883358439
0.0312501470955663
0.0428266688185931
0.05042413427949
0.0965431420043412
0.00673294604827776
0.0279148254083686
0.0859530899856907
0.0263385844734229
0.0277663991209657
0.0291113669726708
0.0835269821338413
0.0933965106521932
0.0456410632474269
0.0471995166882551
0.048289616143853
0.0500485242106237
0.0587808162007887
0.0572636800421571
0.0311196927203808
0.0802304408802721
0.0743746474983719
0.0768991248241962
0.0404753360868774
0.0450114475983982
0.0321787975165616
0.0370127674273287
0.103521727204901
0.0487008905939433
0.0215329636275219
0.0608350705710693
0.047385345890976
0.0621811618139977
0.0641634323471958
0.0627914008292308
0.0343459684668696
0.0664590553832584
0.0873597139838454
0.072377997370938
0.0330037169979257
0.0296925068388581
0.0681117915894279
0.0874982395862177
0.073275213069139
0.0691872028974051
0.0588054361628081
0.0358293974368926
0.0625737487804927
0.119525685671222
0.0445798826192279
0.0320825537673652
0.0908594636010173
0.0599027589610635
0.067641952727113
0.0485676985076606
0.0362633451866426
0.0995322500492825
0.0261863803368799
0.0481529875858729
0.0455431869003787
0.0692731865765438
0.0690271280044561
0.0708479926734645
0.0601267414210613
0.035791465144924
0.0403470936217058
0.0477932842029394
0.0441337276351216
0.0414809097885763
0.0725774423537525
0.0475828940669772
0.0782665042420519
0.0420951827593196
0.0377682791666803
0.0171934369631186
0.0419644845181403
0.0538527105302258
0.0352332539977056
0.0395235004212661
0.0739769534479381
0.0318955176072487
0.0505680269140382
0.0333391891135017
0.058526097744603
0.0487001588902996
0.0708538542395691
0.0378226808141148
0.0840044409062421
0.0126631513568421
0.0341361493197713
0.0348836708610338
0.112730514554358
0.0957570894539979
0.0466406766181662
0.0378047833207919
0.0378311825388857
0.0373095435431701
0.0140757403317581
0.0468397372765035
0.0682967982163088
0.0758560989449061
0.0653339306001526
0.053402586582425
0.0377390797170625
0.0522231003219802
0.0870576778690041
0.0739774883066245
0.0390490089967123
0.0420387155684955
0.0569082236941001
0.0559515066271392
0.0904451676845638
0.0201865173938444
0.0471999550175721
0.035021350077299
0.0379537361944099
0.0353917603087867
0.059670009182916
0.0299496610337925
0.0464154435112814
0.121018572395629
0.0987166619696185
0.0535346981237805
0.0637136147723626
0.0392056205095118
0.0594914841911583
0.0403475087192319
0.0291746634416188
0.0467280202586874
0.0998889934342486
0.0383704178885675
0.0358628873758921
0.0463453885838561
0.0661734634673317
0.0615783854312022
0.0450377833189233
0.0374598694454732
0.0471036628075202
0.0360233764267727
0.0491459101709676
0.0496684820423525
0.088788284854009
0.0399021070806939
0.036143548721841
0.0601459429995456
0.103786733220826
0.0697057270634199
0.0836297785274991
0.0853835638367487
0.0701485182239114
0.0731139135908246
0.0542433568389631
0.0314997406021523
0.0791820020714289
0.0673787680139996
0.0270302012925534
0.0704295846618791
0.0304861227420271
0.022529455740577
0.0480151931068089
0.0876037597392768
0.0692253034209913
0.0623109877430912
0.0507774806387328
0.039585280344922
0.0434757383354008
0.0523355348459119
0.0382363759276347
0.0474268102462061
0.0463463271002007
0.0466169515113818
0.0710243856777727
0.049973241614811
0.0679075075167038
0.0538445434618381
0.0679386577397246
0.0942837358192561
0.0352927293445074
0.0601448810793611
0.0473134044254092
0.077029326271425
0.0159490431320519
0.0966409112179109
0.0473867129810885
0.0783793001855841
0.0327135823800682
0.0570831714001489
0.0581044263082433
0.0458807441950145
0.0651033464687953
0.0885873737683307
0.0820254490093716
0.027743151413428
0.0651266040143681
0.0728264973562981
0.0527087665837984
0.0398572652094547
0.034470777191949
0.0502683403494104
0.0862608918068735
0.0688317306434197
0.0553698489019103
0.0528664302774008
0.0501394884836671
0.0330216978673023
0.0469277803775627
0.0633491024512553
0.0789374775560542
0.0471032866311234
0.0081397711186188
0.0336704009687092
0.0686876495971423
0.0340952612101568
0.0432656955425753
0.0636043020386912
0.0366142414651417
0.0574831831542014
0.0469799977810649
0.0677054967836488
0.0300142395676158
0.0702650073602339
0.0401667284994764
0.0292600037050983
0.0299555056805691
0.0293852706997716
0.0887290235545627
0.0369657639996921
0.0467108974222395
0.0510366450638884
0.0594264342710926
0.0574044053327553
0.057922590405958
0.0768289425036432
0.0256913413580172
0.0348443522942355
0.0440261159086828
0.0732399675134169
0.0438402646460432
0.0849912911564895
0.044313194073024
0.0345052421180325
0.0485382100527036
0.0290569518557376
0.0484623160259278
0.0640308018800443
0.0676494103356101
0.0786965133583383
0.0587737685260178
0.0410951526316964
0.0210837982257199
0.0761891678739677
0.0315040635526609
0.0359008579599195
0.0511043888663631
0.0407445869419084
0.0854250473939666
0.0513933389160927
0.0583095849519764
0.0651732281346693
0.026922902173931
0.068463523245629
0.0569072267276682
0.0701561902285498
0.0468915507477525
0.0531538604675047
0.0909639451632073
0.0528068643855917
0.0394648193862404
0.0799921621024965
0.0518513413034901
0.0507369705618108
0.0654030425650465
0.0682664438284582
0.0579567108524627
0.062451475808458
0.0173162917509252
0.030771604112874
0.0848810792153797
0.0297201326215131
0.0538624479555136
0.0565487136665595
0.0498866350880769
0.0407737779494774
0.0545291028519701
0.0541277009987093
0.0586817266887128
0.0644541528705657
0.0540023957598114
0.044630400795752
0.0375668187064334
0.0537653363004957
0.0475230969389119
0.0275646634591522
0.0889940990089562
0.0629251783184041
0.0623738405361747
0.0295286455606478
0.0468699235341891
0.0947255375537339
0.0800354870585593
0.0577743589495559
0.0640573349258957
0.0338887457458162
0.0733447676034979
0.030728427367468
0.0752029005289441
0.0390817336402551
0.0575246167970605
0.00578437142790513
0.0504944974154473
0.0659482715857632
0.020082244296508
0.0389239922030616
0.0545125477923329
0.027502413438272
0.0697307786589079
0.0714105778777435
0.0754106446819966
0.0264425760743969
0.0755332152728512
0.0398388906419296
0.0635953511069138
0.098247496417785
0.0577645082733627
0.0412563050342948
0.0683622965634254
0.0867505818275851
0.0479198756855184
0.0379346486208479
0.123455111636496
0.0584636852027365
0.049134141818909
0.0385244779254921
0.0581441686551599
0.0403355879768944
0.0928961299030567
0.050630820661657
0.0664135902011322
0.0551108512370031
0.03205323014433
0.03074314517557
0.0810644878780756
0.0471341592923726
0.049255818481066
0.0335327106634566
0.0742019656786213
0.0607708655994991
0.0790455195432781
0.0379141116284381
0.0503124028624894
0.0702699331859944
0.0570746471398914
0.0547639097905893
0.0368511289169116
0.0402696468544219
0.032492422302379
0.0343640589491281
0.0757478015333131
0.0405987124160171
0.0681905543659289
0.0908398944376158
0.0697929175641079
0.0239770792299331
0.0960265245123374
0.055866933861948
0.0744089544495708
0.10104984086798
0.0463311256457474
0.0455361686119043
0.0583749985788411
0.0404618910251429
0.0659954968575258
0.058251040314836
0.0213501807702819
0.0291004724368601
0.0332702285892712
0.0741258702071414
0.0520544807263887
0.0441263749169491
0.0367685615640217
0.0450395074160736
0.102143740938122
0.0380358597111241
0.0577902234478036
0.0658676432056899
0.0694956745106525
0.0231142115415289
0.0627503636187831
0.0750544801511015
0.0315404653546701
0.119451237709251
0.0792099821896223
0.0660487256070383
0.0446702287908216
0.0465224282174869
0.0158670834903387
0.114796095698096
0.0362164761886484
0.0588123433507744
0.0626166866174943
0.0349967651433687
0.0808857419850319
0.0493062647765594
0.0280435092001969
0.0469675071380149
0.0278363671771489
0.107611771506488
0.0800794160678795
0.0229280193141605
0.0462046069715207
0.078599664258173
0.0738424574262277
0.0420316963873692
0.04863910005091
0.0488055870109236
0.0561717711748586
0.0426424282352475
0.0505045964170463
0.0239282963019223
0.0716082238645589
0.0328364862612504
0.0461657839846126
0.0454598377660075
0.0690714733629245
0.0232961414329174
0.0659167707996911
0.0825303410454778
0.0338604372560888
0.0667479092284861
0.0437821560636304
0.047754419818332
0.0747922090348098
0.0458430802660499
0.0606137318746657
0.052493713427814
0.050141037189566
0.0503284104168693
0.0666997803655999
0.0598730596731982
0.0409485488907909
0.0690426226545786
0.061140183471722
0.0643411440206625
0.0439474368775753
0.0849603273656053
0.0672134604986164
0.0273373642386404
0.0536774515263531
0.0505577246644848
0.0775059024110742
0.0283468142108306
0.0978674445783003
0.0701345864047908
0.0780045244257368
0.03615209742719
0.0628658250679375
0.0498792474285111
0.0414916259612814
0.037586179535224
0.0397726622477441
0.0884201131630681
0.0470788006606042
0.0424240368482448
0.0487348792005366
0.0743318371871274
0.0391794240310066
0.0271683356084721
0.0468679744909283
0.0467245606311561
0.0330092186632797
0.147168285067952
0.049171059898848
0.075861259944057
0.0698555264205643
0.112327857393545
0.0177365137589112
0.0789884580265304
0.0904842510193438
0.0358142389188596
0.0598623736413317
0.0397792107496184
0.0919532356604268
0.0552738444852722
0.0424723629155076
0.0628631394363511
0.0247088161894999
0.0675068348356285
0.0537121467872515
0.120922523600526
0.0733500207726389
0.0514501527498471
0.0484276112193732
0.0391327059884502
0.11384362583456
0.0669397165017043
0.0366425872947311
0.0326397786277507
0.040860288877326
0.0593187529473371
0.0465744612091083
0.0423220567129751
0.0561670544116154
0.0372691377821994
0.0225121407542884
0.00720685853041392
0.0278049018613577
0.0364645122804851
0.0384034879784967
0.0612378042273822
0.0514051178505187
0.0421732479752881
0.0529925539956631
0.0362674492582986
0.00934077740530489
0.0691956770166528
0.0685584784538748
0.0477391422227103
0.057708992639496
0.0543494113281209
0.0392883969599784
0.0715219883250814
0.0478332034334793
0.0276696540921205
0.0705958861468983
0.0270745279402768
0.050343486888422
0.0608548526768567
0.0453943785953054
0.0367408125283314
0.0503102545248901
0.0958338144753593
0.0344187178720689
0.046340957060233
0.0639647988355355
0.0612234707225906
0.036322200892049
0.0386959270402947
0.0540665340631639
0.0396061556895495
0.0499561628305249
0.0277938915535978
0.0649619421140759
0.0357882008913066
0.121699233621946
0.0528815190441665
0.0289870644133563
0.0508533802133118
0.073891534472802
0.0444502793116893
0.0444830279560866
0.0677863390150991
0.0468885924254604
0.0525978234006838
0.0747768844815961
0.0798872082594929
0.0687712763885475
0.0703402671366174
0.0746210661430398
0.0479043284711018
0.0304047066759107
0.0549367964912121
0.0465879216742297
0.0680468019111013
0.0666566651453688
0.0445859198952087
0.0606036210459485
0.0509472305702481
0.0449561068740052
0.0593261028446862
0.0655802462446739
0.0337075250757416
0.0228747631827817
0.0469802658249869
0.0358988903842684
0.0410776355096071
0.0468034090304716
0.0882192104269303
0.0329418815187081
0.0329864594134874
0.0326671687576931
0.0579377855833111
0.0364165133077509
0.0455463505165882
0.0480816983204452
0.0579130912456014
0.0459347688293629
0.065279261612356
0.0147249791734692
0.0804589529830114
0.0562290382762773
0.0897628434344289
0.0526921582210482
0.0461841459484145
0.057767481767739
0.0313230597013525
0.0428397922836009
0.0630829912191274
0.0614202720754047
0.0754354593735059
0.0362110659101313
0.0381521429340608
0.02824223653395
0.0373807852807121
0.0337918018281547
0.0729630157827473
0.0349130660332987
0.0442367491975846
0.0447418643712868
0.0356829097009415
0.0430997338090128
0.0613740926389651
0.0517676833704696
0.0585281126889273
0.0575950870742261
0.0344791584516168
0.0508913883623669
0.0439949394881258
0.0344254221721445
0.022798579969507
0.066537751434172
0.0284893736092363
0.0676939736706551
0.0596790980514086
0.063349978242975
0.0420654852023101
0.0637201863848862
0.040892833314146
0.0611811726121382
0.0643745434589724
0.0677500709604707
0.0679274807180799
0.0642865253348392
0.0436135813551319
0.0662280999952342
0.040962639706614
0.0447616849426164
0.0452479704528538
0.0627563454588427
0.0675852368171966
0.0414338847142917
0.0553432597178228
0.0410251773270076
0.0802027147223725
0.0696133527726208
0.0831586674103097
0.101937383153726
0.0629633978978903
0.0505051912984887
0.0762073035041694
0.039739297945991
0.0633908533996639
0.0835158707364186
0.0568885062732043
0.0600970478538129
0.0549250804297932
0.0389715761068589
0.034859540166531
0.0423750816041228
0.0222259034390334
0.0589887346412792
0.0700936593389837
0.0783129918412957
0.0538469798130404
0.0550442358283304
0.0360285710327862
0.0554937538683275
0.0433124199297818
0.0576753574072644
0.0726397341488963
0.046630766090881
0.0497671976362859
0.058900031074061
0.0671846444907522
0.0482808687728964
0.0177274694740047
0.0482146704832227
0.0525482808630948
0.0255753657329587
0.0269401824567037
0.0642624940159967
0.077646695072883
0.0457130081428808
0.0606087013392109
0.0457690036117815
0.029686661191807
0.0592949205198388
0.0403394821919115
0.0285503781599805
0.0535954058810475
0.0969478441729048
0.0622149258083853
0.0780443531995523
0.10383124374035
0.046244286649583
0.0684781687000286
0.0427061488356088
0.046317735437958
0.0314841141696612
0.0665712039713435
0.0180141698845179
0.0576291147906272
0.0356613652245775
0.0297707787332987
0.0285413298660959
0.0452570651933565
0.0361538291542333
0.0798112556954725
0.0464590616347125
0.0342717802553982
0.0916616283906369
0.0853130378580094
0.0555109356676748
0.0296346089299699
0.0635298133887849
0.0250476109317412
0.0668939911334892
0.0365667937004162
0.0368429381215267
0.0491468103946367
0.0292194117232923
0.0619282068793504
0.065858047260088
0.0337120799790016
0.0487649900158382
0.0586018604428514
0.0441648534716521
0.0637903154853118
0.0564470619989705
0.117274219652518
0.0229482569546398
0.0409457303126435
0.0470774071622307
0.0659097426349907
0.0414820449466526
0.0744204081332032
0.0460537167271015
0.0589051790960133
0.064535575547411
0.0562879621080854
0.0482297655573582
0.0616713093106377
0.0442513721889633
0.0491694126882716
0.0424180260893173
0.0450465013136281
0.0338865498478228
0.0415155506921464
0.0383509961257327
0.0752798508892803
0.0340279337275732
0.0424870375543588
0.0663029788242146
0.0685144501254028
0.0390454196734331
0.0513779221835668
0.0495542798244014
0.0452409639872691
0.0463475284563087
0.0771853398940764
0.0368534746214672
0.0396121041186749
0.0391648066270502
0.0640404811864387
0.0971349928091188
0.027746299986965
0.0398507459999149
0.0544491312665878
0.0558994258676004
0.0277859227509232
0.0289060787887608
0.0859625191820171
0.0656725834004904
0.038669526220487
0.0256394470286624
0.0621939995052876
0.066866274307105
0.036287910005881
0.0563150448218799
0.0345700405314998
0.0840410994368425
0.0603064463655377
0.0377863435999856
0.0372031288811752
0.0476655654301546
0.0782470642447104
0.0660261081379795
0.0496202649907666
0.0285653943771823
0.0321211699937554
0.0581594615823053
0.0302950905396606
0.0459641399805968
0.0299680205342225
0.0311549998749123
0.0389004040653828
0.0217911710060527
0.0229045459272631
0.0483178225938342
0.0492402544992649
0.0566429882675782
0.0697257758228901
0.0445996100652487
0.053163273749169
0.0523414458498015
0.066497518354128
0.0469412915724222
0.0585693586068244
0.0305410300944737
0.129491610940071
0.0692615784821914
0.0477350462867609
0.0544160145623737
0.0327599036100727
0.0442967302251949
0.0557485998916445
0.059112737822748
0.0663752126729765
0.0610661485216386
0.0277809016910681
0.0718890453159975
0.0432149148900581
0.0338489607410823
0.056921920116489
0.0472312104081421
0.0417391611694775
0.0388383688844294
0.0474462451097172
0.0328447615205678
0.0756336485789798
0.0361813357467035
0.0554393182013444
0.0498444274990854
0.0519533339639611
0.0353027462459861
0.0206484800564309
0.0447931286174675
0.0301981690210019
0.0558859609284996
0.0288718505148425
0.0479208816681596
0.0471638211450334
0.0402988013770025
0.0454064816484815
0.0424878272084839
0.0531361760467863
0.058512111985344
0.06712516223616
0.067019506905745
0.031716737139211
0.0417821863534787
0.0491589487081378
0.0400993628441184
0.0347864077400467
0.0473935454763228
0.0352887913206391
0.051086071476398
0.047084952612485
0.0473785675642222
0.0866339700309603
0.0623123730801647
0.0522066370066038
0.0686964194948081
0.0601789485708696
0.0405740734925756
0.0815456920892831
0.0483653387717791
0.02243389864725
0.0464381974854749
0.0511687458509191
0.0561666006581284
0.0375635469269006
0.0753447027836905
0.0698760317105893
0.0514244644690226
0.0885309849970265
0.0823758615658267
0.0673862722723866
0.046314241631266
0.109238643265152
0.051656267388826
0.0091472666907804
0.0676980437848186
0.0480218205226555
0.0654123947729168
0.0540055211099216
0.109518530649815
0.0550910976419542
0.0396095756214264
0.0507275308960996
0.0544465709778249
0.0321321026274511
0.0594605626341352
0.0566531702840095
0.0542697703011954
0.0497329258453403
0.0345856876529651
0.036880468250814
0.0242491220231722
0.0499911800282582
0.0323640520496175
0.0373071588200391
0.112535943131395
0.0468973055000676
0.0662993800294664
0.0502075942762412
0.111053074778283
0.0458987669084327
0.0583259456303586
0.0563917900276592
0.0495242072389553
0.0320822494296041
0.0640906903785466
0.0766628311498032
0.0295799693784224
0.0556239117265821
0.0667591019447691
0.0546840992475142
0.0765398336359408
0.0635981893519342
0.0535514298854978
0.0440003714403973
0.0472763744378832
0.0510235308111174
0.052977532842824
0.0425273941923598
0.0341999140954296
0.0589464646456616
0.0410195642144292
0.0331739025461345
0.083679556288788
0.0692045085619309
0.0405922923776083
0.0270024147839115
0.0711651770547403
0.0633520126398492
0.0343595318999347
0.0434921674353865
0.0312528091651182
0.0522868349621585
0.0330411948984905
0.0812532485472113
0.0460776731603481
0.0270347985327492
0.0491957510542791
0.0689882841212627
0.134196098628871
0.0694867594824512
0.055549805146656
0.0281021226605319
0.0398643458420552
0.0846524905164133
0.043773379177094
0.0422860428776403
0.0717023833287748
0.0350780232072753
0.0514101876322288
0.0274938936727716
0.0743524374288848
0.0717079567296687
0.0595250342044488
0.0737579267623917
0.0800005444573687
0.0465878058163568
0.048727035926179
0.0566820576855568
0.0591811708944311
0.0414574227673105
0.0509572458979093
0.0344502554416932
0.0396436555172083
0.0547511605900731
0.0706456394303375
0.0345222435558035
0.0476498305484288
0.0630751079126466
0.0371101157641994
0.0511795871428925
0.0429624998693132
0.111933509088786
0.0696076235307211
0.0531450425222005
0.0282719768088519
0.046525880488904
0.0229355590200033
0.0493966644259396
0.0498059378199006
0.0545704817797464
0.0569800478236121
0.0373808181001649
0.0301968013175312
0.0638250819656405
0.0630176681101299
0.0516942782124179
0.0388020268272777
0.0613329739948534
0.0684638981489926
0.0876703343513822
0.0702187322393356
0.031309920847042
0.0480766885546362
0.0814195100741612
0.0439846162437598
0.0586066066212192
0.0472599382044672
0.0430202825202452
0.0973655671719239
0.0809411021881548
0.0208487121906554
0.0482234095272638
0.0467437895142593
0.0397498000379854
0.0751799579584798
0.0210957579103721
0.0308048941667086
0.0646286271614778
0.0314891275268816
0.0352699154176824
0.062175523126175
0.102865416420215
0.0344119982803645
0.0490382192056643
0.0639900797614829
0.0554896695686197
0.0173147532703236
0.0593643144053796
0.0844730937616611
0.0675108241616525
0.0368780885729668
0.0614931944526422
0.036929972321482
0.0526666131417268
0.0190966257405894
0.0611587715487874
0.0791151635531334
0.105114725622856
0.0816326803919254
0.0372453579666018
0.0524979661328271
0.0794254327276869
0.0376684154021015
0.0851259362792193
0.058757888224086
0.0775308857299257
0.054280671801117
0.0512220170506989
0.069543242697745
0.0461930867121266
0.049496769894996
0.0624217691063722
0.0285739144579459
0.0692067550892474
0.0720078045544082
0.0423164280538495
0.0699938354254022
0.0737168999868542
0.035106417333689
0.0516836969453673
0.0593072291503095
0.0909358305678567
0.042679233991032
0.0379799583439305
0.0964772053030002
0.0384881100976996
0.0427029678263587
0.0630696136073166
0.0479232413089583
0.0548815627356055
0.0219794444197365
0.0465869539693425
0.0700275886972042
0.0616600628351716
0.0403678576877885
0.0884833792317159
0.0288024858904149
0.0535140673779063
0.0338362580247442
0.0675188892504658
0.0805052754986247
0.0403418520871452
0.077951328783065
0.0423895863299801
0.0515665191797351
0.0481375034478
0.106551565812363
0.0600763154135184
0.0355856627175875
0.0601691722741601
0.0620175854042291
0.0767691139850661
0.0241294437839867
0.0706387285922216
0.0530496168103034
0.0542971185512812
0.0517319999452348
0.0408388544226426
0.0438490844924866
0.0465387505893591
0.0731003552600106
0.0483952145171926
0.0895273528683987
0.0357766901337953
0.0131352096744023
0.0411365216256449
0.0564794993191352
0.0486876722289875
0.0444998363510633
0.0846627984550215
0.0558917913619777
0.102964791306648
0.045940787703458
0.0622952969332726
0.0293154309609999
0.0565092438502496
0.0785835775506296
0.0141557259624067
0.0296728945247918
0.0465003961123669
0.0564133226502814
0.0494021287237384
0.0952985201832509
0.0543136995989094
0.0431999957111862
0.0961665184294679
0.0526580114680857
0.0840434691464088
0.0380468659953186
0.0543240178922401
0.0698908979214436
0.067101765406918
0.0504188802871647
0.0400656480505564
0.0342431713134994
0.043738218277927
0.104988135974593
0.0291698386576858
0.0599316410200253
0.0286446651417312
0.0685806064383938
0.0441373458025565
0.0592493964452581
0.0816451193383741
0.0385212815538344
0.0349606562440261
0.0473092555366035
0.0609173402743658
0.0475259480972486
0.060063666184169
0.042058669770269
0.0806054460422483
0.0914990224059125
0.0579915311909584
0.0517577397999002
0.0619751343152603
0.0448861021463506
0.0730165178617418
0.0661494198868945
0.0314225122525571
0.0449747536087238
0.0443174829013476
0.033088209996224
0.0996573765291858
0.0338244696577831
0.0426980650593221
0.0388469232832497
0.0555270192660224
0.0851864393853312
0.0376925034541352
0.0620985941086884
0.0766433301928429
0.0538612530025907
0.0524466813478948
0.0494394821661186
0.0516467404256726
0.0464521609143274
0.0663010484223142
0.0291938883806934
0.0461002027046199
0.00812372386781972
0.0674429450764905
0.0673857536646666
0.0313940285061781
0.0850726600333121
0.0485942129292078
0.0209212676951154
0.063961859509266
0.0362041210134903
0.063487981246263
0.00875539476558455
0.033507428810855
0.0533534153265931
0.0573555864813461
0.0487967377139961
0.0409770111516667
0.0524513226261213
0.0285430384825671
0.0439699136775711
0.0301048413454807
0.0621284061578128
0.0913911831019753
0.057786316987893
0.0664580309971724
0.0494804520675832
0.0317122753576032
0.0531601876015168
0.0610781500406152
0.0428761893930411
0.0311444519831234
0.0443399838286989
0.0243532055220225
0.0565934175144821
0.0486505842221189
0.0764222828107092
0.0557380025427383
0.0468662308778169
0.0372632944468828
0.0457566496892435
0.0413925009524932
0.0752370388009278
0.0374232840785245
0.0520003089689823
0.0350595185171954
0.0450165601278566
0.0725809602387148
0.0332379026962663
0.0645622510853004
0.0721827712162708
0.0726826073320767
0.0643764696420068
0.0389431715103257
0.0444175047518163
0.0434746498331798
0.0409734210682893
0.086774932619771
0.0321355466082214
0.0554784481206023
0.0466076085514098
0.0783628072465977
0.0736105718095605
0.0941130427363898
0.0608684912748189
0.0597319153167786
0.030236697800553
0.0770256003764413
0.0571805526989087
0.0725909186747775
0.044746812221472
0.0306023466815066
0.0234277763595049
0.0515282191120677
0.0497430516099542
0.0560110440628374
0.102004312616455
0.0635220189436959
0.0282728004535804
0.0733778974926081
0.0233456565780548
0.0221259126389451
0.0501731887205092
0.0821285532314094
0.0504413878934484
0.0541276594388908
0.0450391539383976
0.0628432083799961
0.0692930099370613
0.0997454505555553
0.0673607600746843
0.0983649472819256
0.0998114890730653
0.108221344268755
0.0503031299024635
0.0734445583464045
0.026514735421285
0.0336288663465166
0.0223351521395901
0.0541310288181166
0.0517193578263452
0.0879152264353104
0.0773008114655356
0.0615662361469575
0.0398454824294608
0.0377698301297706
0.0627057886660322
0.0534364906260697
0.0780578260094952
0.0343474622187592
0.0218747776073904
0.0646172904356717
0.0572481481027384
0.0548691724163339
0.0138572359198936
0.0523550877846109
0.0661257885887864
0.0455470186517508
0.045281984805469
0.0548433862218006
0.0217005054204732
0.0757031664675007
0.0743218130357234
0.038038997424603
0.0680608108489015
0.0706803463829698
0.0604080762312969
0.0560328516568959
0.0505741006108896
0.0367907018895955
0.0405822208831101
0.0618116630311133
0.0787987599021553
0.0289526285094279
0.0102199044901128
0.0626979386879408
0.0922736271341545
0.0723608177319867
0.0345574085359483
0.0216540710387014
0.0394777015808349
0.0573226166614407
0.0512424371459636
0.0547320478571033
0.0363878265352713
0.0632738939040551
0.0622842945710152
0.0701811466389297
0.0605189219349321
0.0478276652186457
0.0459549154476701
0.0875580605807167
0.0536745717204404
0.0456534908443644
0.0559383513446129
0.0602220195156236
0.0633005232604793
0.0398251905795387
0.0741553821065134
0.0599777375699281
0.044381887862789
0.0780503388976045
0.051329665677683
0.0643558476831157
0.0557475551987942
0.0327985546707
0.0284866602163518
0.0400622150610427
0.071390618888575
0.0798105122372679
0.0476124354148637
0.0118976104476809
0.0314013054376659
0.04530384280982
0.0345284963214004
0.0303900881110167
0.0603854772009277
0.0353880224944143
0.0377606278230624
0.0384591606799693
0.03878653874497
0.0452224516810965
0.0434876177180174
0.0332731734836992
0.0562845199082507
0.0412222274059481
0.040910906857045
0.0264750331119267
0.044718508699383
0.0530416811103999
0.0563149383042379
0.0620688908807727
0.0429889631704773
0.0625622238436313
0.064980472761552
0.080550760320675
0.029776353471709
0.0535727742665169
0.0447910164999921
0.0512012745663989
0.0404195962647651
0.0752380308245642
0.043790215611932
0.0890290240312501
0.0247730250038816
0.080563150325049
0.0655078691198604
0.0300463601679508
0.0252132062282133
0.0419138670800349
0.0532718095849461
0.0598801239381958
0.0545493273021868
0.0738542757431968
0.0484224899681819
0.0445560550187645
0.0351619618937091
0.0595687904529957
0.0697770821137607
0.118372743496011
0.0849423063677642
0.0832616603383922
0.0220954779935695
0.0726486131984305
0.0338556694435191
0.0310653154378168
0.0794398003289058
0.0528549164314823
0.0306256130901438
0.0555088504928053
0.0303065940051647
0.0415443396859672
0.0547861216786421
0.0435987461703733
0.0942792697860207
0.0368307188995346
0.120932338533329
0.0382554821654512
0.0384857896948492
0.0558343669869126
0.0732008862123646
0.0537727300136561
0.0725940397454474
0.0369984595493637
0.070325348408146
0.0693300281515835
0.0291161159764277
0.0379714447063799
0.0704886267615419
0.0700546021480928
0.0604702084273343
0.0564013402288686
0.0706475005613082
0.0674908569389472
0.0733917146643051
0.0651002802529643
0.0638399630968191
0.0531187636839676
0.0536495339869405
0.0205579009715946
0.0687767292164412
0.0914166437595766
0.0699531346311453
0.061633729541721
0.0738650653666406
0.0726640906556514
0.0608511427384755
0.066454557552916
0.0424829300488224
0.0483262079544064
0.0331464301707123
0.0479451372636938
0.0491756508288295
0.0400867201358575
0.0305116542012971
0.0259541916463636
0.0451642106466557
0.0442335390740607
0.0559340699772302
0.074514409537901
0.0688048201662847
0.0307576462695548
0.0343315018486859
0.0548190140667541
0.061098274058432
0.0560537698189548
0.065643986199942
0.0577706252356785
0.0673558595844636
0.0177524197418623
0.0856663394003322
0.0277124483037978
0.0577635991401187
0.0569920828979768
0.101926911784067
0.0523736845651301
0.0724656720496842
0.0302427276547816
0.0705035699851068
0.036731939879507
0.0368321469895739
0.0730651632023429
0.0965625862566658
0.0146005802871676
0.0261570015516202
0.0346675443995257
0.0493608512747346
0.0288399603427873
0.0393199058996296
0.0374597398953174
0.0610405627729985
0.070380078621738
0.0233978163656787
0.0432463396071618
0.0264203465549317
0.0777340029023998
0.0549175269502758
0.0701238213919003
0.0554515173416089
0.0263592424229654
0.0713666773341157
0.0940169046043382
0.055384085329991
0.0518995227349876
0.0189490171770435
0.054389978925275
0.0598393797923326
0.0619317852762604
0.0920738588480814
0.0503945870109632
0.0717416461242494
0.0353786898263717
0.0921768010976768
0.0468409636913857
0.0499155280749937
0.0936523497424091
0.0745430487819883
0.0548002496415695
0.066192452736112
0.062550903854868
0.0582171918358767
0.0436313710002652
0.0500861171619209
0.0496239205256956
0.0306572948368091
0.0343586343482608
0.0369095435766669
0.0676837589950641
0.0591915826971524
0.117967314729063
0.13196205030968
0.0386585981475102
0.0666757987517696
0.0733473550573246
0.0511714131402218
0.0664119520119336
0.0398292265645671
0.0635695084267469
0.0498995581981991
0.0691085627283909
0.0867359151447073
0.0428082346951964
0.0445742180755474
0.0686461897177428
0.0755369929330518
0.0841923427781745
0.057729223530332
0.0810583451911302
0.0103110779591274
0.0949824248957647
0.0444987233257614
0.0649688264918601
0.0407461358426889
0.0423926477776247
0.05034171614207
0.0433632334026843
0.0581647852121729
0.0621973678191659
0.0304862391247618
0.0460647473426673
0.0616727076274782
0.0422412089070142
0.0617888567493276
0.0761036045157432
0.0322468414252922
0.0611472808445967
0.0466795960160829
0.0910628364231
0.0583671411270586
0.0765599067558779
0.0401611649980905
0.0579761281940576
0.0413751903699377
0.0273069114626629
0.041399586156296
0.072388201644001
0.044002570327299
0.086199965330812
0.0277719735133723
0.0648584100730277
0.0260551005771198
0.0306163547226791
0.0751152376291246
0.0173256247949711
0.0636080243861293
0.0365597719046818
0.0442755039346762
0.055921670796708
0.0835496082683176
0.0536371779572055
0.0956518836942469
0.0709657663961041
0.0937074437932992
0.0576249189067543
0.0516519408951725
0.0205798903738715
0.073134799581882
0.0936113924892075
0.065290842659187
0.0115856678405728
0.0720616915714857
0.060306660703577
0.0796953405907568
0.0489681255780849
0.0364099448606543
0.0368272323962787
0.0677877580351971
0.0634193033913682
0.0749577140787919
0.0511538096900658
0.0302039866643733
0.0278508046535768
0.0851129013385697
0.0920271872359623
0.0908351622753535
0.0279650398063911
0.0479927606996163
0.0607686598546466
0.0754891586835184
0.053614650054524
0.0560028699198189
0.059693546714993
0.0302391978977623
0.0616998992679122
0.0641855494665205
0.0235395344795479
0.0407932884237468
0.0420180896125223
0.0410974005181216
0.0314016990119371
0.0787550509306073
0.0409776380588021
0.0645751566297281
0.0275852764517767
0.0522972658948666
0.0719761690001994
0.0493876933545873
0.0518611977438971
0.0417938753220678
0.0388097159889206
0.0660756959425375
0.075809914580645
0.0482780310862816
0.0267995686525737
0.0693994761441552
0.0659013084078903
0.0735301626314467
0.0533209719872757
0.0600468236482222
0.0546057084013679
0.0401647954745871
0.0511201839482233
0.0495452613619561
0.051125119087168
0.0973742299990112
0.0576435165592751
0.0581874496900701
0.0435856597627498
0.0417898795553762
0.0632646049455352
0.058667983975696
0.0568426054499588
0.038568092630514
0.0666613804041989
0.0438741418123107
0.0638106051844077
0.0897515087569567
0.0522885506645185
0.0398251542876796
0.0636771976851359
0.0375043851773245
0.0398386663847661
0.041866425826163
0.0499696946550299
0.0235915395790152
0.0781017767210561
0.0577827129490281
0.0540423024348965
0.0459350421844034
0.0397497691096656
0.0610541434994791
0.0583503605869466
0.0733156026468612
0.0527131915428881
0.037469339040596
0.0247742326524483
0.042588472433365
0.0432211384144969
0.0641021218077254
0.0526899385597735
0.0513626148089175
0.057104188457498
0.0371959264906115
0.0441100879107405
0.0629101410962087
0.06237033107071
0.0423030033682819
0.070210803428164
0.043893745727204
0.038092218115816
0.074705963885147
0.0398351559352931
0.0680177259169529
0.0720475462280691
0.0624688548399903
0.0400457905674793
0.0459733345549381
0.0433479167003982
0.0618570412232751
0.0728083695344057
0.0853562880371501
0.0378380412357508
0.0194542047493008
0.0500518542499213
0.0304398840803478
0.0421424497471384
0.0553391484740963
0.025443262180741
0.0247657989234381
0.0595570309773623
0.0789688023619703
0.0396050521023333
0.0537455699390413
0.0841449997205983
0.0668051917771239
0.0451788791681992
0.060478048089115
0.103084078988679
0.0287587675890036
0.0685021113541041
0.0454592654238814
0.0424571172762865
0.0383177893350199
0.0349031141848143
0.0530321721325952
0.0588056734534504
0.0461386418407935
0.0464476853791359
0.0307419798068386
0.0314143214308479
0.0434887964089434
0.0294976529974164
0.0534783424881075
0.0300836789379062
0.0765122897996233
0.0509636764008624
0.0897786982074993
0.06550121240077
0.0467899648049222
0.0674113500172234
0.111737973360803
0.0432675684572733
0.0454018891380462
0.0526775915200354
0.0422610510711952
0.0416795271657629
0.0578265512661854
0.0407250836121778
0.03113534473448
0.0451486799520911
0.0569986495598923
0.0452989328407298
0.0591835397137394
0.0574790466910562
0.0448193546929302
0.0426862681766709
0.0742384732147266
0.0334986444675116
0.0325160179568222
0.0438170926339913
0.0479136338509194
0.0623369536930785
0.0333968871128815
0.081666279659536
0.0778777650568201
0.0557145659214079
0.0308308426478126
0.0604541615666013
0.0999631550251268
0.0573783492434622
0.0641013129611472
0.0677028342323877
0.0822863595075978
0.0451866178933637
0.0826195638224755
0.0212567980990228
0.0644038643276926
0.106054427107104
0.0573910493141749
0.0552599483161651
0.0270219592868686
0.0669817498751796
0.0379339037240222
0.0659402201547612
0.0454483528881159
0.0385884728484667
0.0473630351882588
0.0658121698871049
0.0405026583146599
0.022432867832977
0.032499552451174
0.0450231775875167
0.075054696400193
0.0709075804238344
0.0457964012766119
0.0426342920484056
0.0693889580470042
0.0414866148402892
0.0504279934467871
0.0620166798041466
0.0420586649060014
0.0529983777832071
0.0595696368804745
0.0357978635698375
0.0665176662157265
0.0508215687933814
0.0374191710019591
0.0382117364549704
0.0681742853078314
0.0367639795588295
0.0402565820393035
0.0680157784159111
0.0498517560827339
0.0413402313092966
0.0676346183684246
0.0514976124020333
0.060690535970343
0.0475965389126581
0.0257520942783981
0.0646773534743222
0.0628718679571261
0.03917204008252
0.120416063986961
0.0543757639460385
0.0535811732562442
0.0440435428909976
0.032943730305139
0.0889022073590348
0.0452608716819624
0.0390531104983347
0.0708989206337823
0.0773581821807409
0.0771020824838047
0.0505569548950073
0.0772704494447108
0.104815013365046
0.0345657061779156
0.0613738375666096
0.0608440120056064
0.0378422907771172
0.0970826988077875
0.0637258967841581
0.058311242993059
0.045881734653086
0.0437598099637166
0.0661897751284571
0.0954114172186192
0.0713305435902663
0.0686885210745243
0.0487536397280602
0.0453287591653037
0.0653895655482663
0.0521626599501647
0.0830010273854092
0.029843304037106
0.0484256808868037
0.0444688330053656
0.0774439085467978
0.028588550277304
0.0488185646125297
0.03077281894605
0.0813880153879606
0.0743505181117876
0.0695040925969633
0.0398550371470447
0.0395612168358151
0.0453115581413522
0.062285724930053
0.0646028019228901
0.0658040027944046
0.0641567643266211
0.0695114553292641
0.0920989639040525
0.0636742353898353
0.0691815140102539
0.0324206388151454
0.0390741295531548
0.0506443926550298
0.0816074463067134
0.0445135803474127
0.0708120191377406
0.0442753468081264
0.0407955641829418
0.0432876497029477
0.0715619753758571
0.0780551298824145
0.0480479313409624
0.0632959423718647
0.0704584842541292
0.0576594929943431
0.0555007300513896
0.116737705043095
0.062374620077716
0.0615170137550948
0.0598345672133616
0.0750746337990957
0.0477748854500869
0.0604595532561948
0.065083109154329
0.0386576914548982
0.0824435048266265
0.0721694796036112
0.0647623761676369
0.0390118357097741
0.0378013098877806
0.0613340927463524
0.106883744274504
0.0348325289983893
0.0524929164043684
0.0285550252158652
0.0619896194647303
0.0601614985403169
0.0337068177331764
0.0972088972172463
0.0487134417102718
0.0652644535720605
0.0416749894811247
0.0593305707458715
0.0689324216916694
0.0369716139620576
0.0431779724896843
0.0323921887126319
0.0295519999662664
0.0475040421903049
0.0666895446430141
0.0312223360116353
0.0650681453840874
0.049570178963061
0.0467456500476841
0.0370852942232285
0.0535550910268287
0.0597821143155569
0.0543262452494626
0.0384011357109953
0.0637131928185061
0.0492594575496628
0.112858223387484
0.0356795849136385
0.0310728672393732
0.0482143293046474
0.0318382562854822
0.0485597239933259
0.0273679929062502
0.0225908275793047
0.106342986042279
0.0623408564870733
0.0908795472620531
0.0320685990496917
0.0408655024487811
0.0700020768600882
0.0642208545162724
0.0793789346277633
0.0651767750482817
0.0318998304220221
0.0542889776924792
0.0303257331492028
0.0543785201915716
0.077413810543206
0.0426598177234199
0.0760732998401457
0.056470155891035
0.0294729174078474
0.0599241179750569
0.0522711817809283
0.0208860529711722
0.0538289872570896
0.0392252655358872
0.0435271597756397
0.0620531126795935
0.0709724086609152
0.0821845338648134
0.0881555684629444
0.038106570597336
0.0515929436327409
0.0673375873701563
0.0439728600169245
0.0402787328642195
0.0389226864612334
0.0747168475502389
0.0507259876611891
0.0430246763731397
0.0507003456055812
0.0536629410186585
0.0522934530924661
0.024862806664459
0.0738199857345984
0.0507284750634869
0.0290660294885221
0.040540239539033
0.0581519143045031
0.0441778477175743
0.0516725243936212
0.103897645443941
0.0601048931694716
0.0808849621466849
0.0781651612623685
0.0423854786962841
0.0372102586021555
0.0615376558178602
0.0338186174917103
0.0458941782986826
0.0564130544818844
0.0343124553236934
0.0532784504578275
0.0925270204875332
0.0437102254343132
0.0802758363444694
0.0364642719683757
0.0714338095188474
0.0626635960895291
0.0573248974343718
0.046672510938837
0.0593971972498741
0.0832470329369501
0.0593573794309673
0.0488820783793759
0.0599627190512879
0.0679402128395508
0.049778996288145
0.0600474543244237
0.0501355969948831
0.0596329952720332
0.0426880463786732
0.0305115302701269
0.0280828133997957
0.0495739909085182
0.0295404547394317
0.0539383152679438
0.0476504504613225
0.0327642393956314
0.0471609618007527
0.0558372358114041
0.028199062457235
0.0495419465965579
0.037826915387709
0.0358259143821652
0.0422940998422801
0.0428680895630266
0.0452187923952263
0.013740777363025
0.0946920282354888
0.0475196819665266
0.059510199408872
0.0660856357091863
0.0545083592713463
0.0629039731775988
0.0695969212775223
0.0340764935672492
0.0390358064713608
0.04297868455499
0.0528867900760208
0.0822595667403458
0.0710421460621822
0.0445364595123569
0.0667799329750426
0.0658166188748377
0.0240837498130675
0.0706049691963228
0.0610212121622005
0.0536610218837802
0.0517637621180185
0.0629830132789729
0.0329815180810466
0.0773822714205786
0.0398124642514142
0.0600476633879295
0.0342681212642218
0.055242096380826
0.0373003503531503
0.0622596447308304
0.092660541204058
0.0546751563515426
0.0441854839801218
0.0494829903144101
0.0443403324979471
0.049507131914425
0.0423225233999584
0.079626319061484
0.073047915783956
0.0695189327757747
0.0616514489969743
0.0347683779787036
0.036861702262668
0.042970197579757
0.0651831024346436
0.0532601322010273
0.0365279047773653
0.0948294277754874
0.0711819724299028
0.043227399106876
0.0631402604618232
0.0365105398237091
0.0456395100373294
0.062735576225037
0.0501426561895246
0.0361615161546656
0.0410138527928709
0.0317085748214299
0.00988167164232395
0.0418882824816608
0.0227489317810872
0.0847129434838833
0.0402399251838437
0.0517427391554886
0.0493958027656455
0.0491440654105876
0.0373844007634703
0.0307399807631444
0.0533976060293403
0.0729695104980379
0.0433172730556088
0.0533647945710792
0.0485544502416828
0.0303319051572442
0.0490548744050859
0.0297560602999483
0.0681355250653732
0.0359378959883167
0.0490664172561406
0.0754158508980304
0.0432220431485078
0.0446481210632716
0.0676519526881341
0.0680978754107589
0.0700177266132662
0.109863291344943
0.0497483924190516
0.0353545446282982
0.0444697278335307
0.0316364787547987
0.0510837019338589
0.0637800065896921
0.0645084964328199
0.0563715536826834
0.0658568104807841
0.0659667148708995
0.0424019579334223
0.0344847386269576
0.0224616627722567
0.0336742612903757
0.0899470062716307
0.0628735383913481
0.0370676232025694
0.0778452119967523
0.0455108931958877
0.0562301746542218
0.0797244773491875
0.0517767892322564
0.0597371242087064
0.0307438140550511
0.0830965506947668
0.0400153173956206
0.0362533329500585
0.039972516739572
0.0621731076438776
0.0359725854518181
0.0598743570729063
0.0560926215136446
0.0480367950650941
0.0502511059297579
0.0779101085741347
0.0810135199453616
0.0590586148021105
0.0869323584370803
0.0554033857392945
0.0588744485912353
0.112772193185128
0.0417165912990432
0.0391547635293958
0.0349441028312425
0.0621407837856408
0.0724276985777527
0.0441022567328891
0.0629645636502686
0.0293145768719801
0.0708567669318842
0.0546495245272864
0.0427401721663998
0.0452871587699303
0.037370399652375
0.0546944745656831
0.123711880698754
0.0567287256803079
0.0583411829473006
0.0596181744427948
0.0502593119234747
0.0532402075910941
0.0437752260735076
0.0613528418769245
0.0503863566929278
0.103953059684645
0.0554143053938887
0.0463888510154745
0.0581363402453642
0.0793972454383021
0.0299234556877014
0.0896412024722595
0.0392401775413035
0.0411330027376869
0.0628187814497727
0.0537403647363964
0.0453324350502618
0.0855310157182746
0.0322781989423182
0.0792675379668005
0.00909197519565271
0.0696110198933921
0.0525863501041032
0.0328022430297505
0.0365279652985505
0.0747754643086619
0.0651417408689854
0.0255815357261914
0.0669178387960093
0.0573203532480256
0.0503202340951678
0.0411429038810265
0.0360570484582636
0.115816489305895
0.0704711453597866
0.050159942129292
0.0579658321372566
0.0462782044528193
0.0634563555453755
0.0441288368299411
0.056558318660581
0.0372001903630735
0.0495223198018387
0.0580172573034552
0.0467686738046029
0.0215303768152466
0.0627268359342111
0.0677385399983725
0.0435214506464729
0.0532837670675077
0.0900171450562704
0.0354020105952604
0.0552910593074257
0.0217592017981926
0.0342276284691072
0.050460499152527
0.0424258048332338
0.036129783433487
0.048943115332684
0.0331798685075425
0.0537540699176278
0.0524486369847964
0.047084068070659
0.0386218706525631
0.0807691913348336
0.0446959782188898
0.0507911094495173
0.0378781844540016
0.0433551654802876
0.0718888729070662
0.0557050815777399
0.0334748866444472
0.0348545386997138
0.0718726206809043
0.027666914496071
0.0745345943877606
0.0451704413233222
0.0242014609758423
0.019056394937742
0.0445173188286652
0.0845304032616877
0.0486106032837744
0.0716895271815783
0.0308090458193486
0.0410357167743762
0.0369278855847473
0.0459986455169222
0.0864519788082908
0.0293646895622939
0.0690247920356299
0.0451377577796334
0.0536881663813201
0.0494352666800815
0.0472865141328482
0.04262037513362
0.0461460637020767
0.0676471388281173
0.0578392159716544
0.0439283445951536
0.0274881404203787
0.0746991853683405
0.042667296624743
0.020769640316418
0.0330581805851045
0.0631498233996024
0.0539430336817227
0.0627399042909423
0.041793538008347
0.0422693854625442
0.0349399857880991
0.0352349516711668
0.0533367619002389
0.0311601070249174
0.0260158648828676
0.0424919983692442
0.0308891400096463
0.076432160820231
0.0650842033947869
0.0338850653044021
0.0500863950964455
0.056740613217834
0.0339004579934647
0.131961239994404
0.0445186811528526
0.0504485576003297
0.070965607930336
0.0474198297359863
0.0526659690392894
0.103757416598399
0.0309056941580441
0.0729706474506578
0.0542263083569234
0.0398906919169851
0.067237699485563
0.0354371699805245
0.0463724729827263
0.0624195354597149
0.0639123928571656
0.0487068161039852
0.0377849497697452
0.0505500777900348
0.092674365572401
0.0677020979677497
0.0280690836191203
0.0611746716535214
0.0473319563113827
0.11587531277297
0.0246961189355269
0.0797539691319565
0.0518566873590016
0.0399848401002696
0.0327017664428902
0.0599776315268146
0.0628019689624086
0.0699466217805263
0.0393554252244067
0.0345195725766021
0.0562724613414817
0.0958677868997095
0.0543021274463833
0.0866813298041047
0.08520913883642
0.0507868509149163
0.0365869202790848
0.0208355479171788
0.0519168552185208
0.0367764294676549
0.0519615815033886
0.072274653076888
0.0377362339491999
0.0628887527246468
0.0176144762094676
0.0506053926180666
0.0740439831591585
0.114583167347105
0.0646068356250826
0.0826959477250502
0.0800447412359934
0.0513266797293778
0.0042568608054981
0.0763086170973669
0.0320693939654387
0.0485934600210685
0.037347215120537
0.0436966574668992
0.0547993192596326
0.0438139939592072
0.0309069410071531
0.0690795246358198
0.0325681461695197
0.0638289778215191
0.0626041140301067
0.0379806749294931
0.0844923115886038
0.0684376228921482
0.0660761379913891
0.0705141650042601
0.0466793668786035
0.043752762102305
0.0661386250156384
0.0389273722947452
0.0683599570364045
0.0597889645995397
0.0801082518982059
0.055431482775022
0.0641306968340307
0.0476880032658924
0.0704615903965989
0.04232084962837
0.0468231643940763
0.0277932435643334
0.0650821277712626
0.0471725488090776
0.0530331775060749
0.0276273391658793
0.0598029032312379
0.0475860469617423
0.0255855250728903
0.0589971122034628
0.0672113930651922
0.041339481215047
0.0443573466276625
0.0707663445167793
0.0347881140822058
0.0701454204497768
0.0604398403362913
0.0577164460226116
0.0269453064012
0.0359486841589765
0.0962561458006808
0.0364251312744103
0.0392332387985402
0.050027102233484
0.0469326110742001
0.0406544131341376
0.126351752832594
0.0482605773357005
0.0444567860210283
0.0619808123814569
0.0886877685372756
0.0722455508990696
0.0924854686593045
0.0379604699903189
0.0649983087284482
0.057657423741609
0.0549695854985483
0.0559930599830108
0.0440589039564123
0.0538523381856979
0.0539915269498142
0.0414697283162605
0.0500048246103182
0.0309493865920765
0.0359312262316965
0.0420571484723629
0.0356953144821789
0.0275628498704637
0.0545665403850499
0.0699688880194355
0.060815790506068
0.0811016321417216
0.0895324950707103
0.0454262922739938
0.0462569948606724
0.0483350680253893
0.0366255807001585
0.0713734290458558
0.0442461339806872
0.0427710189929811
0.054491080270045
0.0674209001006335
0.0704909135310346
0.0283185026639703
0.0522795246407164
0.0491667128644248
0.0147069452636383
0.0253238278416764
0.0706268624350412
0.0719224418384498
0.0490063070484787
0.0563517800385131
0.0476204533912295
0.0607116007142006
0.0642053017165864
0.0430823182388314
0.0499658417979989
0.0456212911940494
0.110814529176194
0.0429335419230659
0.0706388970766094
0.0592809685609187
0.0374751976192046
0.0326102334220253
0.0398474746787946
0.0817298770664111
0.0488602103020008
0.0822663282458899
0.0536778961126349
0.0635003866206013
0.0418463427086464
0.0324437435045802
0.0309535276437789
0.0551078414834356
0.0468283070755446
0.0746682425423727
0.0457923229141475
0.0503723198356416
0.0694084669845583
0.084311405208076
0.0467666974807151
0.036484191894083
0.0594848308974629
0.0626278921846945
0.0635847164025155
0.0430114106022261
0.0659433637056735
0.0583511959696095
0.082157785752506
0.0425333246833345
0.0616047660526553
0.0177005202042157
0.0498197875257714
0.0307629060300443
0.0569352096845647
0.0625764926485509
0.047245420742283
0.0620443910715095
0.0438398242214657
0.0413613900073055
0.0277862383268472
0.0651215417956872
0.0444506991110872
0.084740677118883
0.03744661437451
0.0319412377111799
0.0760300970966048
0.0115237491263304
0.0320417006311759
0.076933513817274
0.0450539659670077
0.0548346637787355
0.0386995641473279
0.033603725620381
0.0369604970209506
0.0432207733592321
0.0395792123054443
0.0419750519749989
0.0942829384858261
0.0561532015500305
0.0743609691262197
0.0290335328247793
0.0512917662018377
0.044805103823262
0.0492656674836301
0.0180906690240249
0.0397086406112301
0.0922498347428516
0.0729423342980047
0.039385768920347
0.0406942365436716
0.0321816792283302
0.0470416619661226
0.0530058988889217
0.0669625386198767
0.0413663688015961
0.0551787824540665
0.049819863909671
0.0497550325846435
0.0494225130933268
0.0660842998743694
0.0791138991255585
0.0609258000829797
0.0375489685797933
0.0525868891708309
0.0672551583011378
0.0695576735261403
0.0387365743722788
0.0279657381826149
0.0463298434842262
0.0402414805707215
0.0382452841228706
0.0226946833170427
0.0461800328248462
0.0541911901421999
0.0213782728489096
0.0422911550945775
0.0919291118315922
0.0575342390221888
0.00891177755478144
0.068124595376764
0.0713374300860625
0.0389611691253379
0.0424981069512259
0.0663458256743513
0.0703718888633906
0.0326566040814579
0.0203786982318514
0.0642505588192775
0.0493481557953091
0.0964739282983782
0.0491196533648767
0.0522367574469235
0.05240033090661
0.0991190867075539
0.0667042281293692
0.0310367277661371
0.0752259872467938
0.0413019618003811
0.0422687438920515
0.0436997476745638
0.0327668164776761
0.0557924961054725
0.0473012871252521
0.0567877965619373
0.0306006061081308
0.0923113588905619
0.0319104519574253
0.0114484243130884
0.0637063260848908
0.0419888067205418
0.0427769075221347
0.0635506296439141
0.0550998830120995
0.0334520352690943
0.0608765959953189
0.0616750385089701
0.0488493260187763
0.0549395774711634
0.0699361459809234
0.0695713275439405
0.060998406339042
0.0320083638392415
0.0499193155817646
0.0256531029399904
0.0837277921214588
0.0383956081946381
0.062663454290483
0.0777136490378404
0.00775998130319489
0.0744626138103601
0.0204925093339607
0.057151566395861
0.137461498316001
0.0577315469160201
0.0511916191928208
0.0563444171025158
0.0335800848370483
0.0242722744618192
0.0281186194038123
0.0463453811739649
0.0416137628608276
0.0420595248071246
0.0819394687989593
0.0448869548848635
0.0226535364252403
0.0571877745260805
0.073993951099988
0.0612686361572713
0.0986682079616417
0.0769213802008258
0.0674487293870388
0.05487524312622
0.0484058602309937
0.0473447215070012
0.0512246578235616
0.0285070440941884
0.0367776536131269
0.10815233177515
0.0573192463291436
0.128113312370778
0.0704991850425609
0.0293725281360471
0.0532474582126182
0.0677469002563663
0.081297338928277
0.0522196882813112
0.0411942923392722
0.0283062734318511
0.0510621295517165
0.0848319930123278
0.0431414742864627
0.0645321982712283
0.0871800683034274
0.0465024824138004
0.0452544606804396
0.0555324389097612
0.0469866650921565
0.0877166913643806
0.0463630622092658
0.0304699561470982
0.0381242848799015
0.0456209254423994
0.0579697768197096
0.0564012941415374
0.0662277280595281
0.061624881996058
0.0606187084654779
0.0457293409180688
0.075743970697072
0.0261064018206437
0.0579737525756993
0.0331230797180538
0.0715523257505165
0.0623347342880661
0.057849012054824
0.0651996247139754
0.0623797878272615
0.0678344800475119
0.0828355165457892
0.0833663096965255
0.07563031670221
0.0737040013334907
0.0498273155359228
0.066459130882438
0.109871330286651
0.0489240683320657
0.0433490434303497
0.0285107773728473
0.028045927871231
0.0534373697985034
0.0343633752147521
0.0581638872724576
0.0388473427974101
0.0510365661643737
0.0266662330728351
0.048285730854772
0.0502942651283388
0.0563306986745166
0.0323385334088646
0.0400830147022832
0.068628751211736
0.070352245654021
0.0384776351929496
0.0713937016199872
0.0444325274568315
0.0545447130347139
0.0555385803221609
0.0290580135367933
0.0516945764366409
0.0516437556386795
0.0593797527032771
0.0445400974489246
0.0633191557919441
0.099424303477387
0.042048909441925
0.0426402941387912
0.0706881353888357
0.079041681361941
0.0488789079822033
0.0699221945838518
0.0487703580425436
0.0595609559021142
0.0796102512207657
0.0499171760463385
0.0525921005137713
0.0598720158972087
0.0489427747396911
0.0569624230646626
0.0712278058668732
0.0625774862243985
0.0406821783792587
0.0694771231849946
0.0289154049217518
0.0800604551516126
0.043622865622577
0.0472298805432971
0.0398752118435782
0.061771792494208
0.0473955713379004
0.0447981323060386
0.0092135359403479
0.049953820291501
0.0323637422131984
0.0440229176149665
0.0951716066192398
0.041869286557604
0.0492401163992117
0.0461920112453474
0.0742612581558109
0.0679852940933534
0.0499645832729907
0.0670416038627777
0.0506894055137763
0.0418331620907689
0.0361249551806791
0.030443571580585
0.0604838914438989
0.0450650008068209
0.038708086129907
0.0335108419393982
0.0655847451752797
0.0347668776566351
0.0600768546272541
0.0326596617450368
0.0643237634519495
0.0864631406448474
0.0475904634609107
0.0469159227293955
0.0563327996378855
0.0675729902729385
0.0744115238425639
0.0311188157377219
0.0683294070084231
0.0415744310978927
0.0285282711229457
0.07342827890369
0.0368410955368327
0.057314015812663
0.0470780152610854
0.0780629246295857
0.0198315415170458
0.0483884582741221
0.0624392651438165
0.0693123476597654
0.0585826219155421
0.0535363107671118
0.0313810813304074
0.0464823576230778
0.0485703739492165
0.0432462512693406
0.051587161245668
0.0620011618111817
0.0711474250469099
0.0892659669585083
0.0501103242019101
0.0717831104048983
0.0485802814777783
0.0298504048856795
0.0352773995438828
0.0493998745790651
0.087479793042975
0.0437654233925581
0.0501541608640652
0.0828072560623715
0.062762644311715
0.0238808939920457
0.0618440121762475
0.0878282432935101
0.0468575861333443
0.0366673984335189
0.0667654335955718
0.0603754285434215
0.0300627265906792
0.0820410884294089
0.0189879800215405
0.0218383147397316
0.0814182270380341
0.0530930830942111
0.0438813546329395
0.0668689872208259
0.0637608381881218
0.0310272060551621
0.0729927116477462
0.0499632968599003
0.0472945257058859
0.107113822754485
0.0457481685803702
0.0801214464398467
0.0461055784243791
0.0514556436511192
0.102018030368439
0.078345895146954
0.0695641129078634
0.0702109838818686
0.0373944909946194
0.021483893620899
0.0460544012194097
0.0362425747006832
0.0455492102882677
0.0889389301385662
0.0839199278230806
0.0549367129001512
0.0465404102411531
0.0428738594032003
0.0565626328255466
0.0230491973738835
0.0585977008270738
0.039869828656851
0.0515168142395899
0.0274410483838438
0.0979736243138856
0.0374049354544946
0.0563749189455397
0.0192656098321113
0.0468729349821271
0.0517470065128154
0.0409683077998355
0.04859026691618
0.031188672742657
0.0424408452908178
0.0797784647057148
0.0731829069283314
0.0777105999366828
0.0549939373477361
0.052101588891793
0.0722568419791008
0.0439362955693951
0.0882727989776821
0.0369697494796144
0.130504832129109
0.0777211070045557
0.0809445692528677
0.0536953680207163
0.0051968893345239
0.049144169235305
0.0779043866926655
0.0402236388252896
0.067905228090509
0.0940255496109524
0.0247711138980036
0.0346730528666849
0.0476874334216043
0.0546209357148791
0.0517244011107271
0.0884856272046121
0.0318271532981165
0.0404804325393569
0.0405163232196013
0.083332126138641
0.0799939371134056
0.0705265889638148
0.0602253495894904
0.0467146663389995
0.0684420642223256
0.0909247000944098
0.0910238657222638
0.0474340582481373
0.0412193308160703
0.0521131852114707
0.109898956009601
0.0280372587325824
0.0598186924764437
0.0539292447303169
0.034320961961174
0.0356247587212706
0.0420668014088471
0.0370555328982159
0.0596674217945015
0.0763967681142756
0.0444292209610559
0.0361391586159245
0.0466506086154553
0.0215322090199062
0.045791409536228
0.0434443259879728
0.073906918483416
0.0811346473294807
0.0444686111638998
0.0335124710071046
0.0306851023392821
0.0447607631016544
0.0774444810186311
0.061357561381474
0.0662897968409252
0.039653193192321
0.0348657572691381
0.0603788747901838
0.0568560106810777
0.0508293188948749
0.0573996710476485
0.0696314034641288
0.0219100215103918
0.0623575171657851
0.0638142757408502
0.0578737717769624
0.0887815115323847
0.0330546046739507
0.00486870372732097
0.0625883689834997
0.037483655182255
0.0324126065040961
0.0543647594428084
0.0626860775174911
0.0563784121118936
0.0725928622562327
0.0677970927425038
0.0397161679919677
0.0322921744437088
0.0572504775727483
0.0503022145193825
0.0341597994895263
0.0403225122195742
0.0387928628920144
0.0411053485218116
0.0412959449732819
0.0282887258138559
0.0424401886668228
0.0269661751505162
0.0481317620368341
0.0397261201190983
0.018105772396378
0.054732365690218
0.0897664370846827
0.0851713777016888
0.0561662461312555
0.0526503147039173
0.0685729354989371
0.0497821431645254
0.0462689555961792
0.0470970002107628
0.0579416689867722
0.0521554312777187
0.0629242177740304
0.0319035850538023
0.0638895044784565
0.0592406821465027
0.101734381636068
0.0476844785460848
0.0455677886116574
0.0414915355599983
0.0543562381993904
0.0145472189426475
0.0517945418630357
0.0444360358241555
0.0854060260550518
0.0297780405773539
0.0553420385044111
0.0540514304479893
0.0411656643355874
0.0643913364126213
0.0410762439380594
0.0479164290557594
0.0899793240917953
0.0540145951124296
0.0670296844185349
0.0502302004731635
0.0591627098711645
0.0568065961961011
0.0319443863151041
0.0696328335829803
0.0831837857762843
0.0924870638689269
0.0568452964804428
0.0205436198050055
0.029763012479306
0.0220481372309407
0.0693075997125351
0.0502704179943774
0.0467373050909478
0.0993969864164481
0.0448156962668759
0.0844967534847479
0.0471603196863685
0.0541385435745774
0.0458209734385231
0.0584010234378099
0.0523150383241656
0.0744963045748212
0.0672867344854416
0.0336608826570635
0.0298330814127851
0.0277547973078215
0.063758554217975
0.0649107503482247
0.0780874933150774
0.04531577824622
0.0927703090864153
0.107826458821324
0.0410852281705887
0.0481317182180281
0.0464739484112751
0.0710692249363205
0.0498438277527914
0.0239245167394393
0.053034187818088
0.0510649393837288
0.0402714981635027
0.0417147591571406
0.0341591710350203
0.0344269076657867
0.055408247493157
0.0731845744241558
0.102209805915879
0.081848930699986
0.0643984553004003
0.0548872396112681
0.0678470787637196
0.0557088225839211
0.0565191190318954
0.0536141242892808
0.0808237980229854
0.0688703988314728
0.0678517351262606
0.0407563666612736
0.0171419290913307
0.0815410453911342
0.0408606548173951
0.0388609822061997
0.0666691536528857
0.0332189815640804
0.100546805840041
0.0794591232235773
0.0592794555945523
0.0561553931500886
0.0634150046688644
0.0452626325234166
0.0511359051009517
0.0555001327336979
0.0664853774116094
0.0158496967654693
0.0981752985732827
0.065357045165516
0.0398504066838245
0.0137479875810187
0.033271211571164
0.0534190799126719
0.0398693573821843
0.0583643376145243
0.0479239467948101
0.0493566778308481
0.0759619296527987
0.0329831063878098
0.0339554838696488
0.0502895227941896
0.037089258991389
0.0795707108011831
0.0354751770134528
0.0382235859104531
0.0538979189352294
0.0484626822704936
0.0463221859509883
0.0444683156547471
0.0553688400132013
0.0688450029898106
0.0767040890576735
0.0253442904865099
0.0264427681368767
0.0485073940599223
0.0394655037748896
0.0886711302803102
0.0625484596377064
0.101487454173596
0.054740326669335
0.0635870981800989
0.0427131357750929
0.0677933928082443
0.0217357774771738
0.0491803770460192
0.0550668221940289
0.0525877431954659
0.0666971324133825
0.0549079385456969
0.0776106617147075
0.0553808160865259
0.0581837494002536
0.0301076021159467
0.0611896334821703
0.0701560277838622
0.0303606081850087
0.0678959203896805
0.065797057499299
0.0457393857651988
0.0451717003833935
0.0469210533436163
0.0556826201738806
0.0260890768564412
0.0654991538235375
0.0295951446274238
0.0399748628073645
0.0439345920465891
0.0331472198680385
0.0437968955480855
0.039918895044758
0.0581363982983974
0.0747433175208994
0.0690495974697188
0.0857725292702126
0.051282903214489
0.0310550479287194
0.0493976885998548
0.0229434977723026
0.0599074359457838
0.0518005292343659
0.034796629350043
0.0522519062774711
0.0487102474736372
0.0408383703352555
0.073499582879491
0.0507519807551899
0.0426645573741763
0.063417298753648
0.0693949138264261
0.0484426250397124
0.0576511878208959
0.051301791725561
0.0829932788120965
0.0558209128883847
0.0528718302662549
0.0617123205759912
0.0426260918976786
0.0305907116109064
0.0104981229254453
0.0631907719356987
0.02595672356828
0.0732555935058498
0.0579231661836526
0.0624526683871314
0.0716366714486332
0.0850286175708903
0.0819761805166106
0.0437774717705324
0.0476803617905812
0.0562613321225782
0.0444274724876275
0.029189925868043
0.026029447153952
0.0458158491596667
0.0701265426839535
0.0627772460702584
0.0741884828369838
0.0460393571194981
0.0326988902333867
0.0294338214254527
0.0778022310187881
0.0452693207358415
0.048160109936052
0.0540669095894846
0.0520802513636141
0.0482991634967496
0.0572498553139223
0.0469409747133863
0.0434937373930721
0.0508495177871478
0.106174700688412
0.0185861594513745
0.0567577032352325
0.0800814100694821
0.04755477395971
0.0320448867924932
0.0275501993782058
0.083158974266468
0.0429909665544651
0.0349865970557553
0.0478430692106345
0.0408800440032812
0.0565991786632441
0.0602717211196842
0.0644649571813704
0.0406998999222277
0.0286284503918642
0.0726996164290281
0.0700776258049528
0.0369701996427409
0.03275762861398
0.104480813989478
0.0868399186127461
0.0799919430232122
0.0322899709724472
0.0290940224720952
0.0483056608509362
0.0290827897132344
0.100971848500574
0.0821019625332049
0.063260019465919
0.0675985313556884
0.0564252817599073
0.0400393859173299
0.0463616263197234
0.0737722562007645
0.0671140424398878
0.0492334582144651
0.0334494469319004
0.0540297206713401
0.0359907896386848
0.0618740604727292
0.0676512611927688
0.0348267790954198
0.0446770830569601
0.0618829643510611
0.0693290563918415
0.0384370935037583
0.0631916955361745
0.0500151973072864
0.0841015600169836
0.0285772292247347
0.0485192292882641
0.0470110822938254
0.0673626899539231
0.0626215836176364
0.0695080223713099
0.056354154692772
0.0314639425971401
0.0475541479210875
0.10265688866978
0.0182871026546896
0.0317499644346176
0.0946108186787359
0.040870133562972
0.0368418473349611
0.0518017822529267
0.0619834954317758
0.0351317254018648
0.0461746704687943
0.0626804151947808
0.0737642533446041
0.069173853011571
0.0440694167857375
0.0444753494435572
0.0453824388143146
0.0852113650369521
0.129614597288672
0.0855566224132901
0.0480998057479438
0.0570041887254357
0.0502122499010463
0.0734680998189707
0.0866353951607498
0.0650702282515897
0.0442731851274672
0.0905225371628181
0.0388198023565677
0.07906657792776
0.031995716589296
0.0624690933154082
0.0369286390486517
0.0259384040285477
0.0757060209948442
0.0687694188352506
0.0483848813707408
0.0288975116349658
0.0438870132213258
0.0594521891909167
0.0366836385287208
0.0766161785034762
0.109913396374755
0.0875094342612603
0.0322533818518337
0.047092486627693
0.0208719754758816
0.0797047631974469
0.0595295011508961
0.0473722050364852
0.0484217197450575
0.083016864406799
0.0653588400125732
0.0440224693412019
0.0617498350348388
0.0394392335934482
0.0674608591984545
0.0461797990213867
0.0482828601533592
0.0813539860542142
0.0619521242959606
0.10211443459537
0.0217863736120531
0.0683348096727853
0.0306557151289502
0.0427464718680539
0.0400408507331479
0.0796461960312204
0.0386437023211087
0.0460019989295283
0.0304071499309312
0.0679911924496405
0.0357631926088244
0.053065779488194
0.038419121238415
0.0695875358107065
0.0441117164074045
0.016901037160386
0.0547671785924216
0.0918944596330786
0.0504788084942643
0.0426842402960998
0.0350267129049921
0.04861336412638
0.0503153619824578
0.0467650471741033
0.0417110541458357
0.0540425895442352
0.0447699394665102
0.0292218057275351
0.0441709462743689
0.105480061993788
0.0379372448394558
0.0245562972910073
0.0407866325528271
0.033326364850637
0.0518269714191965
0.0658458255006532
0.0663529685670734
0.0364560655133113
0.0303715353148091
0.0940753338055227
0.0643808695873177
0.0471864071571277
0.0195274754696349
0.0506965062107193
0.0346708474986002
0.0578751032156124
0.0456414053435251
0.055666771622805
0.0320342362639333
0.0532839206327933
0.0431096880576508
0.0494730878029389
0.0640511904533013
0.082228577950531
0.0687561689104915
0.0293858698996367
0.0533905479092239
0.0305589283271122
0.0438943535055386
0.0442360290327294
0.0610164059646715
0.0625726402751131
0.04074932928724
0.0614767474503984
0.0705202002152421
0.101458841963913
0.0488933631260006
0.0412425325460414
0.0376332787270061
0.0567653970042987
0.0735983697011711
0.0393589612570454
0.0345567788118291
0.0493461129754776
0.0305201018722807
0.0534015807651168
0.0240665833208973
0.0247611392393651
0.0644691023112513
0.0361382709354657
0.0652168644585535
0.0762305563227429
0.0581247815753251
0.0528847809725588
0.0756287998491008
0.0600241228133723
0.05987163404398
0.0590993608860239
0.0771582585010551
0.0507096629207401
0.0445219654274738
0.0268494684237257
0.0140840518421869
0.0651083018095006
0.0277991041598789
0.0584966515979322
0.0462694717230705
0.112351230046948
0.063317315986682
0.0590017272853545
0.053832420457944
0.0690069755533588
0.0547299603261688
0.0531953701128184
0.0838902360146913
0.0422952878766087
0.0307069622310135
0.0404935087794369
0.0431773191016522
0.0299967213972418
0.0470748117312077
0.0808389589879541
0.0374610745489891
0.0481832720373961
0.0468732427409578
0.0466224135618799
0.0639729453791455
0.0738774935489288
0.0640793588509124
0.036468319881707
0.0510667682864652
0.0425211915443431
0.0551733612357493
0.04997099948109
0.0406067671492794
0.0465376450571405
0.0490224834970042
0.0301963367337786
0.0476770787124754
0.0487469282587897
0.0548960895416649
0.0558063881423772
0.0492020623050823
0.0520280758483901
0.080359887819584
0.0612102741401389
0.0462502529091898
0.0357586319106484
0.0536978853756269
0.0588399049767272
0.0521428780024411
0.0464167727897694
0.0711616673284617
0.0430469505454034
0.0795473716655405
0.0432504106982486
0.0508419601200933
0.0380795175288143
0.0454233336955257
0.0496388584927203
0.0429613989851269
0.0673489917638381
0.063509966611367
0.0878547962220845
0.0342263421298804
0.0379185552849471
0.0255491909842282
0.0378906179153206
0.0519672406560893
0.074481389703183
0.0583386494164913
0.067598207836666
0.0187087729252669
0.0526142642937777
0.0609127207600181
0.0792954751949282
0.0957717006035014
0.0543553871464884
0.0604811659297624
0.035993731073454
0.0520329957480768
0.0476392286351713
0.0333048245792342
0.0601917939917414
0.0871299148804123
0.025552150857417
0.0443954777667614
0.0454376604575782
0.0433872237105074
0.0685724026727465
0.076094013695342
0.0525948808461907
0.0425459408996755
0.0459681596836001
0.0815876030342729
0.0561145830394148
0.0328816715877412
0.0706881609880779
0.0540651099288547
0.0625430996766034
0.0236261591208475
0.0469276306735183
0.0524977775249385
0.0697685527991938
0.043971357546815
0.0541874893332932
0.0315280151145448
0.069270829995224
0.0504361420706822
0.039544861701572
0.0587874272369635
0.0662871078215772
0.0758037726232322
0.0260108234916621
0.0393057819795525
0.0138022427739438
0.0414728057551908
0.0725547502362007
0.0581195272970015
0.0609687399908881
0.045836134043854
0.026567878540274
0.0585316070599959
0.0667887884715371
0.030722440877485
0.0517401408583546
0.0427881981960341
0.0616240094247932
0.0565214982765878
0.0855748503279708
0.0754877165242103
0.0044449290261381
0.0707278471274496
0.0509389629164683
0.0223457936988688
0.0280866939974789
0.0518628564786728
0.0372117793145568
0.0501805730948823
0.0658883856868037
0.0324272919516412
0.0777783150282212
0.0321009942550784
0.0437475769867221
0.0394632439687383
0.0880915184467317
0.0328027289210911
0.0386464990240947
0.0352828459614189
0.0398773309378775
0.0427822505136464
0.0265137036758683
0.0365259512368909
0.0537146159445534
0.053962034055857
0.0560474157143458
0.0601387774598276
0.0533730889265019
0.0484186597577443
0.0706066151628077
0.0486197773455527
0.0458138983083801
0.0689442137912534
0.0791890065135909
0.103700808835382
0.0428235223881429
0.0338820676062995
0.0339133220118439
0.0470376219903388
0.0686409266167132
0.0700086827662175
0.0823492370808281
0.0386450873173464
0.0785114243419906
0.0601759544342104
0.0766867740029574
0.0409330663561517
0.067402114126489
0.0534826872393154
0.0443612959663778
0.0824056440548721
0.030671033526985
0.03932469324275
0.0662612367454039
0.057569375636632
0.0329102828429544
0.0593199520838819
0.0139034017264635
0.052549542946059
0.0440546599548489
0.0459108553404628
0.0469024185017961
0.0637922024955548
0.0187968123956346
0.0522879057393686
0.0541891369922881
0.0931949726608498
0.0369706392128622
0.0285281878322075
0.0180803109141443
0.0352140964914485
0.0744223240319257
0.0467046555043005
0.0664570417609794
0.0620962919780943
0.104740410660925
0.0420916651387368
0.0312407967453682
0.070291510246589
0.034563884210672
0.0501668706455172
0.0481185486244997
0.0740260429311996
0.0835341508300928
0.104598474191314
0.0156217799708298
0.0678278867147584
0.0453582760605852
0.101733193172072
0.052502423894762
0.0764569884788745
0.0959173591720166
0.0370702376254647
0.0308455594151074
0.0415563678137826
0.0721302229401149
0.0279487449737145
0.0547138406013135
0.0214395915988914
0.0649753546342736
0.0529470987915232
0.0309809896020954
0.0394077447274836
0.0435029626811906
0.0212826452562611
0.0418882245724157
0.0501719166853949
0.0352575794210123
0.0457593138410663
0.0779633052175672
0.0392420011586462
0.0401739263293865
0.026667991148938
0.0495450632198314
0.0438136298509358
0.0728910813304831
0.0832723604947756
0.0656391237531142
0.0703286287823261
0.0475100151175639
0.0355129832098389
0.0396861353634805
0.0516445602751082
0.0396401583266653
0.0672233049999837
0.0587923164405061
0.0887016270078221
0.0631060125420035
0.0660103624943101
0.0704041169086333
0.068366923939266
0.0557815579433859
0.0222477920916245
0.0360208899668567
0.107123588941954
0.0425000608334154
0.0621963745900969
0.0479503496226744
0.0687751258305538
0.104456231093432
0.0478160948844338
0.0261421016528749
0.0638582860137418
0.0392892270554185
0.0513061129104674
0.0463416784121583
0.0871061939318999
0.0560947946175718
0.0882648478892552
0.0756510677114371
0.0479932377504525
0.0431041166487294
0.0411189490259985
0.0620063542392183
0.0399187640432221
0.0515808728677171
0.0793124933266125
0.0507756630657711
0.062173553225409
0.0713350510631112
0.0479394395944742
0.116063158934296
0.054185826428157
0.110994270077977
0.0343191909305631
0.0536991647386244
0.0781533738531977
0.0399809730136871
0.0646847917422495
0.057148916663148
0.0319899301640611
0.0357378455320412
0.0818487185480393
0.0475346147345027
0.0350765615473689
0.0259980392780117
0.053937253523262
0.0630052382855108
0.0458912686949762
0.0513017770281884
0.0520667148182661
0.0427166990915368
0.0445279979515495
0.0240873182895245
0.0595307392755253
0.0713107628960613
0.0795240765864082
0.0655120022503072
0.054894158127001
0.0365202973459322
0.028283672504592
0.0546457502482178
0.0965981119681801
0.116379234581929
0.0588164627576376
0.112399725093951
0.0612040351496102
0.0386047204628224
0.0673606102673198
0.0524972810134845
0.057936058871063
0.0570289465666587
0.116529892687799
0.028250450177878
0.0709299297777645
0.103977425269851
0.0722756669697973
0.0246109958379025
0.0544112950603823
0.0373311711987514
0.0524678032461382
0.0703625345451643
0.073718399721288
0.0525822048724938
0.0601578675089656
0.0523439663761976
0.0566591089730221
0.0576148239222323
0.037838763108335
0.0366469818837506
0.0511130886043772
0.0483515691597982
0.0452988113103418
0.039045268168373
0.0332122992960269
0.0517771798480113
0.0415764185539343
0.0321793670907962
0.0106720016177409
0.0907974974459078
0.0368585394111663
0.0385284556198867
0.0823999419848179
0.0846256614122764
0.0446722600372013
0.0519423038662939
0.0660959918069632
0.0961502819162031
0.0921061136899606
0.0715935023967868
0.0723883895745011
0.0450914251513403
0.0512165004056237
0.0433226785179068
0.12200015959456
0.0723614017110299
0.0225944809270439
0.0305056896972056
0.0445095966971308
0.0832388805521294
0.0345971595065378
0.0554980937942367
0.0718812619780843
0.115479672958716
0.0414219435649916
0.0490519768677353
0.0435129988099153
0.0742525799309253
0.0658961705793267
0.0517795915546568
0.0606576855700837
0.0539477598622662
0.0561635620803958
0.0496129007226254
0.0520201370323455
0.05921784411322
0.0694036604416728
0.0265082110472103
0.0276388263248792
0.0495481924615151
0.0727236579708008
0.0773857368534221
0.0761348433012487
0.049297733725168
0.0676048958620971
0.0765310677280138
0.0793966924059467
0.0448033893272845
0.0368693489660107
0.0631098370822995
0.0899707799110316
0.0632703337327425
0.0477628644287666
0.0589952726122873
0.0484596471888958
0.0647505931429007
0.0479266336232405
0.0450360493099618
0.0328686303580624
0.0559938805541652
0.045219915880396
0.0299133803841591
0.0426772811277119
0.0936423563769662
0.027095005055331
0.0577875203395331
0.0505945351599962
0.0372074042325172
0.0341371146479323
0.0540022840404162
0.0901929398934521
0.0374320548976805
0.0758430635877711
0.0573433869160458
0.0367230245831879
0.0648406198062113
0.0496835753579919
0.0780791964388686
0.0479536198775823
0.0632752123182187
0.051780432583631
0.0417065179124814
0.0349562558814156
0.0673853955150824
0.0507918330587666
0.100482658748565
0.0443862712648758
0.038948136912002
0.0209300914537132
0.0389171715403692
0.073479327807947
0.0663467029004651
0.103994521551358
0.096161620078171
0.0453115044407741
0.062232270930089
0.049349227152332
0.0379113182852013
0.0262271030213932
0.0626333716458528
0.0429142448771413
0.0776334959980231
0.0387340051737325
0.0242384111196314
0.045538056618103
0.0833881555961076
0.0283328108610983
0.0309580899969101
0.0446850754067541
0.0435530461370929
0.0468617139045397
0.0743609003497682
0.0487853924658225
0.0369246563774771
0.0532918093044361
0.0635725509656572
0.00996125554585356
0.0769696767441887
0.0564859517952582
0.0199148720752366
0.0484892324532397
0.0520133372876621
0.043497452536663
0.0801493158271479
0.0621043533230091
0.0592756155939232
0.0666418925875665
0.0261294806690083
0.111476883590908
0.0591418337638745
0.0491542710360015
0.0382039671604898
0.040991771725689
0.0619345859093347
0.0407957130978823
0.0371589278239444
0.0635614608315467
0.0755483625292784
0.0511052063040834
0.0425061986741748
0.0321254928928749
0.0329867306078027
0.045376508036556
0.0627931783680062
0.0632019195358268
0.0692528709739206
0.0693776466052283
0.0582325502696672
0.0594967993948098
0.0469373871125078
0.0286958771343937
0.0398987864342358
0.0783433139608446
0.0588415947798365
0.0471346879853258
0.0972951900900356
0.0498835098346582
0.0619237617682853
0.0171794991522242
0.0510106275547328
0.0453971235177997
0.0708517320941616
0.0594204355658147
0.0520497529024441
0.0837428458785487
0.0442893500134225
0.0567862303976761
0.112835864127016
0.0327149679958585
0.0828121430887588
0.069233284288192
0.040820369460143
0.115961730091593
0.066344478020745
0.0272599498234115
0.0385925528503807
0.0569648903980696
0.0441197562087005
0.0532343599633098
0.0705447829152921
0.0525914763855388
0.0597085429989076
0.086106865315403
0.0393706438185993
0.0475605176175921
0.0423784667899588
0.0771998951124091
0.0332734979034016
0.0444627806647539
0.0381681398897948
0.0592921351663095
0.0282849612060022
0.0514505542984699
0.0305319376408437
0.0528515736952992
0.0654535208651816
0.056771171643646
0.0528866780805473
0.0793074056944201
0.0693190609087013
0.0702660525927424
0.0519689975182853
0.0743328121016446
0.0795086484793528
0.0271380278796603
0.0580059387258471
0.0447580373323551
0.0766388074913567
0.0626226002355953
0.0349401817342627
0.0326439702161338
0.0525984615700339
0.0615114622739119
0.0402758202551446
0.0674222994918161
0.0653135039627859
0.044203941628206
0.100761876848321
0.057837832060902
0.0414277966043538
0.0343090764360148
0.0998066892185705
0.0328229984026924
0.0748495443068156
0.0724471895592991
0.047753792997012
0.0543055213505369
0.0552399980071556
0.061884656389868
0.0551059843561855
0.0528213647717628
0.0666540403678578
0.0757955599185337
0.0527061968128016
0.0242976030925184
0.0523523710147761
0.043001292321285
0.0332950715235786
0.0458171443067631
0.0447464505684488
0.0403257884736862
0.0506192059879338
0.0168001784096301
0.036412785330651
0.0690657239894536
0.0786636897049333
0.0426197212242535
0.00733734295329333
0.0690939119519542
0.0586751355667331
0.0374866173240642
0.047826811756519
0.0443087553401307
0.0341252617680349
0.0436792930970739
0.0584176182672241
0.0436648033301677
0.0373863900711739
0.0660738911658893
0.0403344175766981
0.0405945260266014
0.0719777546527111
0.0444194158060347
0.0493611125730843
0.0340751964823458
0.0604569421084358
0.0674361106686788
0.0427696033097915
0.065957697514934
0.0810333953260125
0.0693977356590718
0.0542753887856986
0.0325469910717182
0.0559376207840259
0.077694553942639
0.0614420803540676
0.0320223582562686
0.0796859885723885
0.0446746038760475
0.0578701669820478
0.0379398179086251
0.0674378213669814
0.109125954625035
0.053549103464427
0.0691646378844365
0.0709497292365254
0.0443831105665943
0.0430776445665811
0.0723622920726577
0.110974868696668
0.0123940077612254
0.0274384415860764
0.0701033415953322
0.106218916143879
0.0588806533637434
0.035985348991213
0.0802327177991539
0.0543299890223896
0.0437652844764114
0.0526912757066331
0.0609862973427848
0.0538073548794298
0.0475245600400508
0.0500777418969237
0.037928499165672
0.0804581770258762
0.073258784895439
0.0558675159456152
0.0705851993442191
0.0287104666034654
0.028461114302764
0.0544801207202175
0.0520119253805829
0.0533623648682066
0.107499645996941
0.043373973390376
0.0392691866905279
0.0948583565553554
0.0820415451243232
0.0716720327956657
0.0810353426811518
0.0380349897451294
0.0575038513495114
0.0537353690049656
0.0355756953984619
0.0521904558112014
0.0719505875818392
0.0567797494741523
0.0726117448269778
0.0766658263093621
0.0679138912994023
0.0659040777808103
0.0800908061015818
0.0464232354433215
0.0620696094592318
0.0670957211206745
0.0484119065934933
0.0332848244251797
0.0407210791539205
0.0238916242020774
0.0486907569369831
0.0617101895682914
0.0994422144028766
0.0503666118719016
0.0556595290914301
0.0658419186466059
0.0325849653045831
0.057896348250032
0.066347029533871
0.0551641498954632
0.0697479317415939
0.0604555617538667
0.0456968080133327
0.0459163179396253
0.0519154141411261
0.00173580194385845
0.0602317066245381
0.0359920266389154
0.0550497930162866
0.0788504611106652
0.0556395454885347
0.0472320864878221
0.0497553287208791
0.0850588173185424
0.0543710214147778
0.053579774303199
0.0484551463533087
0.0463568211625671
0.0489882917676725
0.0777838021162575
0.0740548065442841
0.0455976123223222
0.0511796730919159
0.0409895172269627
0.0282559504805029
0.0676332563034007
0.0868529197830354
0.0698873404888081
0.0451542151745813
0.0581612788225639
0.0335127592784763
0.064803847007335
0.0799034129802583
0.0897034254219937
0.0174752343890995
0.0545959412280426
0.0527344777070913
0.0527681128145642
0.0599938873439351
0.0358020778400543
0.0600989077762398
0.0452454290281056
0.0744825563027641
0.0773693810581005
0.0482518536301769
0.0429203506557708
0.0789918806978039
0.0447923138894221
0.0349246698738104
0.0279302060812256
0.0580202005432308
0.0599238155116103
0.0607898164147087
0.0503445311069556
0.0646640317105133
0.064714332272763
0.0528399094812745
0.0329736833575955
0.0327508985827053
0.0390935329934262
0.0260639608415868
0.0606424276367383
0.0623081992867721
0.0665822824712863
0.0581668958540625
0.109509690018404
0.0842386659423935
0.0482839627823768
0.0642579576595075
0.0205677737455599
0.0782584449536286
0.0445743551835109
0.0622449562304065
0.0504205774552874
0.038722336982868
0.0304054823443687
0.0320530542530181
0.0659848946029966
0.0419626402987629
0.0485844239914157
0.0479335481775468
0.0575116772806406
0.064037801310267
0.0165200647798471
0.0305798541298426
0.0214639383694932
0.0842823263232469
0.0566397121013537
0.067262895601713
0.0546408289473099
0.0521636317303375
0.0676683970918813
0.0546370558622169
0.0739927880107707
0.063312754840798
0.0712589866878043
0.0648024033125436
0.0612176582745206
0.0681802906291744
0.0527752474994081
0.0459755475640694
0.057949840589906
0.0703295257211003
0.0514920051580661
0.0607927689057807
0.0269394087441391
0.0593730044154827
0.0482928308758873
0.0503482812456149
0.0640887288194912
0.0475890796669496
0.0375019851264657
0.0648814929079377
0.0215524827271514
0.0768363882042197
0.0572994331142669
0.0518745766383394
0.0674160094226863
0.0580915955133932
0.0385989185628661
0.050237474812897
0.0646663664697354
0.0751562181482053
0.0556820245112897
0.0248421210106477
0.036633898265916
0.0668082554891577
0.0230452285283103
0.0372756095819236
0.018526851347228
0.0147312753832361
0.0639492003267095
0.0678069605049413
0.0382224898657124
0.049661367793524
0.0944494668289418
0.0386538641122517
0.0446165420390181
0.0501722795746225
0.0494390816960293
0.0536717621901342
0.0471130576950278
0.0513679197040309
0.0544526277107705
0.0672263927194645
0.0538920946817548
0.072614588238691
0.0552136560633371
0.0250341419444202
0.0444140975857048
0.111726986458596
0.0553537144277972
0.0513423914359068
0.0542894000923218
0.036065811779744
0.0805573893142636
0.0598612076963255
0.0585079946830454
0.069313272878962
0.090630174238107
0.0404540770546242
0.0892151183690875
0.0479718578238551
0.0711320418856025
0.0352852144101469
0.0873669552701068
0.047458205331296
0.00936066504278578
0.056163786831166
0.0380813466263598
0.0731543479416628
0.0825694834689901
0.0781200324908914
0.079203014925723
0.0922597406748008
0.0462982443170326
0.0259326293591878
0.0610094059691309
0.0406849016227528
0.0650968574027045
0.0738699807737417
0.074186539288425
0.0419607521176757
0.0562506814781554
0.0698722379848938
0.0758902496055498
0.0565927577994345
0.0288668985201899
0.0777871004832519
0.0322224958344204
0.070956006989526
0.0267510524979929
0.0402248641407378
0.0731120149830961
0.0584284318351671
0.0352868909570562
0.0454261914150496
0.036605241944423
0.0540168708641043
0.0512024832401723
0.0750430273452003
0.0491378030524547
0.0362596427643257
0.0327172401622489
0.0366447421155619
0.0576633657528559
0.0296449073305154
0.053502679639325
0.0654126237315251
0.0461471297210601
0.0490862173109873
0.0584584080524301
0.0502452170347343
0.0829154231305533
0.0648475406258394
0.0850354246855129
0.0529648530091599
0.0416763753533972
0.0422922028755916
0.0470202648421746
0.0668123841460619
0.0678478740328644
0.0360644768804168
0.0766739930781095
0.061393812056456
0.0873473693881143
0.0238844882711048
0.0567580875595562
0.0573485992322498
0.0613652032170691
0.0325800582192588
0.0560929253461335
0.0479242132872005
0.071571609271847
0.0484162409599353
0.0390282292149671
0.0454038122258447
0.0369065180010057
0.0415693834408215
0.0810753332855673
0.0315815654731394
0.0421793973948513
0.0471185505811512
0.0346742582412391
0.0646107662549357
0.0354225070022626
0.0448293228628141
0.0518481286627435
0.0417608119310945
0.0635327890579757
0.0498562118116179
0.0602178242855756
0.0544756968952459
0.0339675686251933
0.0529919319592248
0.0772483033838878
0.0148970896346963
0.0797940969059208
0.0811482312602765
0.0364379592948197
0.0331816026660073
0.0410459622404
0.0362640623605483
0.0417464370680341
0.062823270025595
0.0629944083362702
0.0444232404788589
0.0404100323464042
0.0244286070622534
0.0825134390425064
0.0594903538836395
0.034609144787771
0.0456698444991933
0.0492191044088128
0.0611941470844779
0.081028127737382
0.0458579883423629
0.0729462787280975
0.0724815884426107
0.039208653090635
0.0590676165791126
0.118909489862003
0.105460004638293
0.0654523995749884
0.0539898887537906
0.0331336004545309
0.0427611996601908
0.1763561694284
0.0871953773039326
0.0256110709081646
0.0442098077187055
0.0635437565693643
0.0663649383516246
0.0563179807538881
0.0354802047792228
0.0390638824158035
0.0184343649806236
0.044767311497475
0.061146262131029
0.0643573617277939
0.0535988596057051
0.0713775244377968
0.0352290351279517
0.0774602048595931
0.0537141352174038
0.0369908098697349
0.06766216006508
0.0520205544770663
0.0474705113191166
0.053107174599142
0.0527660879351637
0.0448084927941169
0.0383077291903077
0.0811023961963469
0.0512425960368696
0.0490917548501957
0.0398386970853175
0.0707204787551292
0.031011557366945
0.0343778883807164
0.0798539156208285
0.0782493316908594
0.0409293863644337
0.0627909024675489
0.0309506309570114
0.0495911874113266
0.0346123618950981
0.0373548481892433
0.0510321711259631
0.0647452583022454
0.0340372034597931
0.0171830282684281
0.0109091739729517
0.0534691043435518
0.0418373124989185
0.0256851168999555
0.0532486701276166
0.0463748833886747
0.0659153498006214
0.0710233965055255
0.0354378282127357
0.0332688919561859
0.0832617017453772
0.0183407071010899
0.0407465347180313
0.0743029380746793
0.0592128069397582
0.0414137334395025
0.0477218598146836
0.0418155098675682
0.0500343876966323
0.0215137605592376
0.0773601749085187
0.0786272206723615
0.067879750972855
0.0409217592392256
0.043974542198882
0.0371232680612246
0.0291873998607421
0.0584612066704889
0.0847872072978628
0.070301082972396
0.0539988188901897
0.0196748502085283
0.0473539921253453
0.0521754963941753
0.102935513676639
0.0563303138713281
0.0336949408955169
0.0545679728480946
0.0777495202078555
0.0536273472145229
0.0589375115644972
0.0196575862178233
0.036732389851283
0.0568033430636251
0.0329413628220849
0.0544134835675537
0.019075094609412
0.0593271251916528
0.0540224457015813
0.0498257483104059
0.0627619295246272
0.0687956857215929
0.0647763511687919
0.0553607634642176
0.0671123400340383
0.0568327936214014
0.0785664693593526
0.0649209735682388
0.0692414072059726
0.0413197591426505
0.0524251294794513
0.0656516668307849
0.0692225942548807
0.0570395687741907
0.104086772322124
0.0549147199107255
0.0476310339528433
0.0810916075735122
0.0459597648496927
0.0309542211905269
0.0562578735483403
0.0378160607672918
0.0609274868172585
0.0436013744999626
0.0336716986155365
0.0319813152216566
0.0194164113326679
0.0328206134879135
0.0211367405542832
0.0175412133673444
0.0478033695699885
0.0603438198278224
0.0399614381469455
0.0563410957303669
0.058685282488726
0.0392089406876004
0.0642411387716619
0.0506511870382138
0.0662413411921311
0.0407132425077898
0.0348368973660769
0.11806868851517
0.0515469255271209
0.0932877214648125
0.0465011115430013
0.0652573318161662
0.0534816232248548
0.0411047971471666
0.0614937840749659
0.0527730466685314
0.060498042712075
0.0695671661889327
0.0505227578114627
0.0435533823281194
0.0423527780687671
0.053490896764997
0.0479901948707479
0.0664282175340816
0.0467446964129426
0.0546058557226573
0.0864626086963133
0.0351807635575721
0.0588192935220976
0.0350062934954215
0.0618228256630777
0.0340213344096519
0.0378403591971362
0.0873677436170199
0.0508274139328996
0.0412557275313614
0.0568303013789086
0.0839608375336507
0.0758736240076568
0.0362085523103541
0.0460114038595312
0.0468847135585185
0.0606160735650569
0.0569826166329478
0.0471211357783442
0.0320358584924827
0.0475104300983809
0.0384945276085643
0.0528461021593427
0.0138838549003068
0.0688461899715284
0.0523107447181936
0.0369493325937342
0.0768155506004334
0.074211348830208
0.0585237848310092
0.0450809241511394
0.0605197334749778
0.0631486854393762
0.0392204187951509
0.060984937508451
0.0697428012774072
0.0369964547949515
0.079021885947158
0.0496171589445545
0.0284638390679635
0.0303057119830609
0.0757502342207167
0.0505200301382536
0.0648923018536986
0.0322762586043285
0.0998167565824788
0.0778553918001673
0.0505090862159175
0.0663299136637296
0.0412837740008489
0.052118522422895
0.058809845588385
0.0443997772401014
0.0533865465391929
0.131726043812184
0.0349545678824403
0.0724914428719507
0.0545019724353282
0.0882299972786027
0.0693003593546325
0.0429805504323793
0.0950738516854977
0.0566061484225424
0.0184667841146538
0.0221888047916549
0.0534026033671052
0.056197438283817
0.0643908173272539
0.0390767047828997
0.0502715784620131
0.0653268364035001
0.0553028349489196
0.067962386185803
0.0696495732788392
0.0247862018977544
0.0883632419370051
0.0322375476070444
0.0413281941889193
0.0244875347265447
0.0824171484806287
0.0543716467175001
0.0753719776064602
0.0687323238523421
0.0243774742925399
0.0147512844878583
0.0677823702506881
0.0513044781668157
0.0584020967966948
0.0248403663576392
0.0156575300137811
0.0698324811056379
0.0617187419735123
0.049946872148911
0.0693946521137953
0.0561511351281553
0.0700157512118177
0.0393001452823127
0.016024123696781
0.110350356153779
0.0685036749030135
0.0419058334876822
0.0801053507487693
0.0502255205396523
0.0412130854634142
0.0736034508189945
0.0628622193812656
0.0550208334594277
0.0495527258127464
0.0476711693474272
0.0700835446177389
0.0497285897284953
0.0658345043672742
0.0805617431948937
0.0424847342435815
0.0489731833039115
0.0543859560359229
0.073978305973245
0.054766581197402
0.0394409144324564
0.0299580145199082
0.0828077607572474
0.0194157710413908
0.0360697234936549
0.0375843076084583
0.0351640590933741
0.112562292064237
0.0467647749687063
0.0592172759169985
0.06139000539219
0.0455680911753304
0.00202356801466126
0.0377717752556406
0.0300023431243165
0.0591645568446418
0.0701965778361343
0.0458621280853883
0.0518094602123239
0.023895926923416
0.0399475168117316
0.0371633808873179
0.0361201924677431
0.0455942791491657
0.0392555509118676
0.0408634568150501
0.0402768799787354
0.0933629091007989
0.0699637374626021
0.0489152512120923
0.0575214827606546
0.0440371546145303
0.0533086064664368
0.0413492514334723
0.0294103933342276
0.0735321258962139
0.0846477241772047
0.0594609337399773
0.0484018537234104
0.0343180498086208
0.051626666714138
0.0585373070416629
0.0703485593491743
0.0785735821529781
0.0624174385413311
0.0562777398029383
0.0231695756906995
0.0715207890756311
0.0360477765122817
0.0707012078065324
0.0398568799204049
0.0977719206190396
0.0264987132738771
0.125656976225119
0.0745000867285468
0.0285047992033562
0.0602783884956474
0.116453891275409
0.0386127843534265
0.033492889324636
0.0772381140495215
0.0565798998937648
0.0513404594391695
0.039557092061971
0.0136825630707856
0.0439581897791425
0.0291850890185715
0.0933150733154057
0.055216900689928
0.0459339066005829
0.0624614712717456
0.0280761074649023
0.118855107986279
0.0770229646488415
0.0623547715409559
0.0288629073963422
0.0479657130832866
0.0383591213794543
0.07290517347868
0.0625066656271697
0.0537665720791617
0.0910482107367157
0.0325816632843678
0.0528651868375981
0.0986314146692155
0.0521026702336265
0.0637667004820669
0.08978436008543
0.0806559372783501
0.0668705201616063
0.0411483213384603
0.0425811301845087
0.0332226784236007
0.037660171199543
0.0310679255082059
0.0664380555034015
0.0203807441789392
0.0391386844981486
0.0997297528168885
0.0551896861291908
0.0407011621956786
0.080177755770117
0.0767615909762583
0.0462385872836686
0.0605987873299547
0.0237237211187902
0.066751500653391
0.0275633101668621
0.0214801155602027
0.0357440350237366
0.053145682685434
0.0514055410197128
0.0622498324461357
0.0422620063760894
0.0554014088570148
0.101982098311158
0.062844329271438
0.0667091111582714
0.0558988756978101
0.0521970169235411
0.0611095846986667
0.0643078047926637
0.0886628335388339
0.0576298293766058
0.0566602141808622
0.0604421215753417
0.0556000725671546
0.0620497465901188
0.0260322922357462
0.0315952508625842
0.0464970591607955
0.0448929009622019
0.0548551735337282
0.0621823758448848
0.0418947092226517
0.0396524835627908
0.0424376899207538
0.0528373931407405
0.0479003612367358
0.0477301201975734
0.0653499494714224
0.0461608837944206
0.0384180301375689
0.0438199220135466
0.0407477246347529
0.0352682044837772
0.0588521925774164
0.0347512506445189
0.0342179076116131
0.0366106436586159
0.0595191779445889
0.055446115172118
0.0455344484609953
0.0652203503808034
0.0432201747638845
0.0262819189586452
0.0319615208749729
0.0115672814100168
0.0341437813210691
0.0622899826282111
0.0295110135597195
0.0769553335313343
0.0791233694038588
0.0253619295830219
0.0644568980592039
0.0776452670215069
0.0752516555762191
0.0267351158694417
0.0334900004417173
0.0345345202319295
0.055759304487907
0.082640883756032
0.0498676300604709
0.0370671165973363
0.0470386822610183
0.0725134036153697
0.035231568396141
0.0549450827495912
0.0526760925040436
0.0558364038718051
0.0510722511565918
0.0596429356934975
0.0676800168535154
0.0371686408004087
0.0589561027945782
0.0668567971671706
0.0794661306849737
0.0570692444494873
0.0484138056424109
0.0627976376614933
0.0690078282683776
0.0529720682055925
0.0428986235621385
0.0372913289693054
0.0455870461584789
0.0510485384439974
0.0801976772614355
0.0526893749484871
0.0465148677027506
0.0838494746654418
0.0299367696058056
0.113411975617403
0.050486766146484
0.0637655936937858
0.0417667407324794
0.0765223096338227
0.107089799970258
0.0236339022474969
0.0499106069805116
0.0604045274180644
0.0668932427925006
0.0496037617574168
0.0561423830897052
0.0343864094853446
0.0456547365905559
0.0680231331850954
0.0357922023128612
0.0775344075834573
0.0393549187734623
0.0664363662661435
0.0314740483896719
0.0565120325235927
0.0245266999655291
0.0829964780529176
0.037633265958601
0.0519545538501569
0.0595367434027565
0.0549199642077033
0.0189533022520396
0.0704995344316053
0.0357760326344095
0.0431505711291388
0.0566884148980845
0.047350419909138
0.0987230747503007
0.0914314575946611
0.0411071692965289
0.0897438330502719
0.0621417306912946
0.0361957707758239
0.0772060199679271
0.0387348469689033
0.062027014358553
0.0374302253504161
0.0428265297372337
0.0328506451864328
0.032791061061611
0.0488295043405613
0.084062161332433
0.0760759175254295
0.043143251304529
0.0605195957249603
0.0718931559674331
0.0398799117231629
0.0346780183183693
0.0511910469486452
0.0365468703400301
0.050799758364196
0.0414553350809307
0.0459029892100829
0.0919728973885379
0.0509092856485376
0.0722916943371905
0.132898163222606
0.0477888702088153
0.0161135986628767
0.0326297083760488
0.0701155673126682
0.0553328959953864
0.0558891124767731
0.0592580781253874
0.058221826945635
0.022624674377816
0.0717434816421467
0.0682438533451702
0.0691520461160749
0.0468530665597379
0.0363821765190628
0.0604171473993467
0.0333699441840281
0.0359741962198243
0.0564674607985789
0.0546539605541295
0.0818777830832468
0.0632344912933819
0.0447485578436194
0.056615192114899
0.0999781042204215
0.0778814094746065
0.0378507904205931
0.0318283777531427
0.0641648896217395
0.0148249462485976
0.0599224240648916
0.0736232323814166
0.049890696778378
0.0409658608040125
0.0669784419867029
0.0366432565352383
0.0712721163908371
0.0394824813488819
0.0640579654407224
0.0436257703178173
0.0649803285804316
0.0464849510068564
0.0515171989641823
0.0278893893510813
0.137192378475741
0.0431232461816627
0.0568232007953908
0.0438059303758611
0.0400546098564528
0.0543708039040342
0.0377145305878163
0.0329966378888281
0.0991417838668378
0.0620750985702184
0.0306014374705539
0.0691963719512194
0.0555566044741284
0.0727402956685572
0.0343023600607799
0.0477357430334831
0.0324361635693502
0.0385255274832443
0.0628190526230026
0.0687097881316275
0.0478381398590423
0.0846250679713013
0.0794552886491756
0.0492044743581236
0.0639774174109062
0.0475949962329432
0.043271185718804
0.0633638029331105
0.0461548053570623
0.0496620585943204
0.0365023141490961
0.0374705602430178
0.05544232628927
0.0676339154340975
0.0463542578158312
0.066503154355177
0.0512527126376025
0.0183190106837368
0.0443911383325071
0.0683816414515917
0.0612819354238696
0.0417097757493851
0.0587243354878217
0.0550997865235197
0.0477938402120351
0.0323482793378889
0.019753018257666
0.0738839614615088
0.0422577930656673
0.0746733847571545
0.101272104002455
0.0726621050626806
0.0525260447987458
0.0434569848210587
0.0335838257479312
0.0265511095012374
0.0427539094919553
0.045255673887877
0.0540046913725225
0.0620961505429356
0.0548972811046862
0.0561330701028648
0.0515359890115131
0.0814411431527689
0.0327753144129688
0.0492612008604519
0.0343376367560464
0.094617063900931
0.0133731366736596
0.0729898998372216
0.0654298648091358
0.0645408500506043
0.088916056871525
0.0655832892042131
0.0603340687260469
0.0719366102852949
0.0648003321492191
0.0186667280549842
0.0804220242042552
0.0740138223845488
0.0350446204794769
0.0255182408171353
0.0714586580706658
0.0434494170614634
0.0520284847734199
0.0835975521307102
0.0331963429968871
0.069457602471538
0.0500939850792475
0.0617768594768106
0.0598798673630284
0.0775946104524992
0.0619082905974522
0.0364233704943941
0.0919747195924789
0.0375008832776071
0.077700985043223
0.0284812636624695
0.0487355707128105
0.0561337602191298
0.0413234530895942
0.0527339944137795
0.0612904505653089
0.0469315698465797
0.0486627233895924
0.0616255062627602
0.0475461030834464
0.0655087771930368
0.0732266139009975
0.0574120358549092
0.0412681984576532
0.0566712732609861
0.0301843955125598
0.071438483227726
0.0419790942759975
0.0500836213077449
0.0489526818075615
0.0475164980283108
0.0507653793054099
0.0459862472917759
0.0529013537741572
0.0506988121037647
0.102706525112623
0.0668760688901603
0.0556406314128611
0.0352816999520599
0.0846592066154957
0.0326161006778728
0.0414492587517556
0.0691857365994748
0.0290449961441881
0.0511553782839894
0.0808990749389779
0.0393975946236423
0.0402136661415672
0.0607711266644083
0.054618948429972
0.0431969043677266
0.0296177858600634
0.0359249781570979
0.0505547363849403
0.0572322336279265
0.0458810310496907
0.0569558223551241
0.0488173985731969
0.0799304003466841
0.051047834112738
0.0469040966814458
0.0541815355898717
0.0477098702536082
0.076712218820143
0.0280157987324489
0.0607192329706319
0.0464507800954503
0.0919525058544301
0.0247888980758114
0.0621060816481833
0.0410543113797759
0.0390778702236164
0.091988359130348
0.0295749425177794
0.0623656746118601
0.0516307539379015
0.0518461623259108
0.00220806036771355
0.0286614795287191
0.0606073483246974
0.0325973322288748
0.0412710076960075
0.0464638090405465
0.0259421033748322
0.0527648228262342
0.0928344257668088
0.0539738071332183
0.0693088329258392
0.0440189042977772
0.0413107903316493
0.0549208854164659
0.065940071410592
0.0755708046206673
0.0391635207098473
0.0224540928349903
0.0579841840815573
0.0648048884853057
0.0684866879577242
0.0571568132752147
0.0461904043623707
0.068591399298608
0.0513850977744298
0.0728397555984015
0.0575764012014865
0.0278267058947129
0.0298698808828603
0.0155554722807619
0.0331778567966011
0.0451634044567786
0.0238100721890334
0.0390450388533255
0.0328236077004995
0.0488659176893365
0.0807095709741294
0.0393971997357737
0.0206993128833636
0.080685083070155
0.0108441156507032
0.0522496331459854
0.0467456962005522
0.0575298197624385
0.0580848042127951
0.0554673415034648
0.0710740170869023
0.0448556922523223
0.0590507893954149
0.0596827676035734
0.0563845471000197
0.0647824671088593
0.0818744023451504
0.060420218661479
0.0367171909752002
0.0402278603359437
0.0812000111319455
0.0310617233754829
0.023599722786306
0.0814140633860553
0.0729935076507909
0.0899976439692785
0.0242696203849641
0.0383197990857947
0.0590741665633541
0.127076636702929
0.0389391562673878
0.0414308663335122
0.0521046807360965
0.0688026280005029
0.0776858920320397
0.0511252937645476
0.0603779841938732
0.0484941865716676
0.0364926245782861
0.0686534728872465
0.0416964062461888
0.0600782315865573
0.0420518476425828
0.0297050605957167
0.062690841500507
0.0665400049193443
0.0454634716805037
0.0923915003094102
0.0565124329505884
0.0588675776262167
0.0502633786586769
0.0484019771857654
0.0516397339395388
0.0562122879279236
0.0914724288262375
0.0464927084427595
0.102522563919182
0.0330264090202152
0.0688678101265976
0.109764799253797
0.0661480630304915
0.0575646639602103
0.0921786715593458
0.043035115998357
0.0190627231440397
0.0459936296228781
0.0368832732427368
0.0942492838062658
0.0526181589344611
0.0637221478456778
0.046028121970859
0.0756133636032848
0.0839792146266292
0.0544291452792694
0.0793392732354024
0.0575912976814955
0.0533509089147861
0.059083379663527
0.0465258350319157
0.0646525210406551
0.0657932628794416
0.0255895652233722
0.0893283694205869
0.0404288722084363
0.0759629909749369
0.0598276838898975
0.0593879939263026
0.0304944176861294
0.0589456175033292
0.084107156925235
0.0859509701240631
0.0635512205800705
0.0472630655033071
0.03641434366606
0.041410529419563
0.0399404061768758
0.0725578364653114
0.0881154746613631
0.0297064623156718
0.0722208903927876
0.0553758543088714
0.0584786801170842
0.0702654334462373
0.0675901427919894
0.0551506859684808
0.0592479149019788
0.0423982980486866
0.0385420158755612
0.065792898654787
0.0679192227135023
0.0314779431008088
0.0626791075522334
0.0358615469881908
0.0823207226420699
0.0538614842871112
0.0906793980392998
0.0384782111624093
0.0528362083376753
0.037911893852049
0.0744594275897995
0.049002721674824
0.0308001078404199
0.0523993753648329
0.0466096615185063
0.0386334419118684
0.0433444898806353
0.0457594377637121
0.0923391127398537
0.0440182859172783
0.0644745623820584
0.0461903774176715
0.0512360536181671
0.0643401771858709
0.0506615345378683
0.102975604440703
0.045644069958618
0.0405882263029891
0.0355599652444469
0.096153607487159
0.0434227142280844
0.0678933316356491
0.0664441107737637
0.0322002046215854
0.0794273603494344
0.0508304191770584
0.0384451103908577
0.0378787142167828
0.0413619089855634
0.0355320621033952
0.0788137120811849
0.0625125308209601
0.0739193114269594
0.0371703894128999
0.0444443339456165
0.0453490491105963
0.0386490895741817
0.0673354640709094
0.0679248534041912
0.0697912452784614
0.030979627557347
0.0765252999194549
0.043606346004719
0.0343867572140416
0.0441774256535697
0.0282637530895576
0.0354890889967921
0.0658203190890964
0.0511926562368669
0.0489695544674167
0.0343865932548821
0.0377224178515148
0.0381823118780814
0.0414780847418363
0.0732176641027035
0.0329897801717882
0.0434142727082464
0.0703180711433334
0.0791496940350568
0.0280916053534388
0.0704895697718928
0.0481852477012873
0.0635088627240586
0.041098648320294
0.0930534602413622
0.0562200059555376
0.0500818337144653
0.089716126054187
0.0707357702161451
0.0576035809441407
0.0416477392799175
0.0372501179004278
0.0438053639395315
0.0409957023896127
0.0191011339931852
0.0364064336968114
0.057743819905305
0.0868253108090556
0.0434839105637016
0.0630227576820541
0.056392924193551
0.0966043582546741
0.0381998481997227
0.0995891964740058
0.0598271450407051
0.0367098940938341
0.0201057968513301
0.0732334020946573
0.0339550866054013
0.0162786204197622
0.0491283583634654
0.0732259252747099
0.0469660938740764
0.0430899293695051
0.0497688682259749
0.0671853860291999
0.044196409897416
0.046268992681192
0.031651672259892
0.0308013650168318
0.0544811581010931
0.0221283591091998
0.0566186872545847
0.0890275843822122
0.0520211397503905
0.0704633590154138
0.0436343556250923
0.0517986048329681
0.036097944133994
0.0568996710553099
0.0725879454177384
0.0647800041270039
0.0467228869613463
0.0832528265191071
0.0531535083322133
0.0765730886095551
0.0817939045359413
0.0630334557382084
0.0255284164787629
0.0755426264018346
0.0361918721158578
0.0377425028231018
0.0596854075921153
0.0647263693465751
0.0523445474122983
0.0491196923101352
0.0696842213737854
0.0330290647455762
0.0344544480922194
0.0484672187243231
0.0703338609413631
0.0636581957036397
0.0578735371703327
0.0799621828129219
0.0710016479617304
0.0641411762386779
0.0753479662000196
0.0599550210451468
0.0839311694800288
0.0685013306097584
0.0424249631535073
0.0527129352638245
0.0572479833815263
0.0563477032066928
0.119210417491194
0.0477392236386445
0.0827344856970485
0.0857570768901345
0.0503562514556063
0.0426078678335951
0.0642074398663534
0.0496235220484688
0.0488346225017324
0.0982207758023047
0.0547515266750714
0.0846600022026777
0.0523524043170466
0.0359197036366402
0.0666060218736115
0.0420099341833075
0.0579502320961356
0.073263479153163
0.0656176295132111
0.0717233910601944
0.112984443012386
0.0845278229477364
0.0346126983584721
0.0531940320820536
0.0390673545130789
0.0555670016112125
0.0465069321105453
0.0582080652726447
0.0606246253594725
0.0420858431287127
0.0347084627602519
0.0564718570929716
0.0530817348446353
0.0607440834832293
0.0198988563031807
0.0655282056109722
0.08558414049747
0.0234799834727876
0.0426141655650279
0.0353210218382379
0.0738730211619455
0.0578925516639135
0.0482286758553495
0.0772213996685578
0.0702386819056836
0.0400715581181752
0.0279288299260273
0.0847115476030026
0.0537253638113371
0.0518750546675519
0.0404550227823868
0.03624155782553
0.0606486326219543
0.10871669089936
0.00513027458943848
0.0443589813313167
0.06388604874514
0.0572164909908851
0.0597299734350559
0.0742862044150507
0.0559271155870378
0.0476370710353871
0.0459658239857975
0.0615466713050963
0.0580085894461535
0.0484299443323911
0.0572801019456154
0.023613626670976
0.0580262577797473
0.0589445034046931
0.0326439318876119
0.0439711291417728
0.0252994213275381
0.0440319240565877
0.0743786283028169
0.0442300100312004
0.0684901173843132
0.0612753605638418
0.0502940698420515
0.0631431164449745
0.0102071249717718
0.0425566172353544
0.0428501960171234
0.0415380870419885
0.0591561802273646
0.0503404298171154
0.0586205172530906
0.0427469260283001
0.0513585738565692
0.100470533894084
0.0303189851483793
0.068269339688691
0.0576970880710293
0.0318805106372095
0.0545468312612599
0.0403057863670158
0.0424741574234828
0.0865490479054792
0.0353603754495032
0.0478660153514096
0.0463300203789998
0.0399276552881476
0.0457325952661356
0.05258863098445
0.0574089333966505
0.049441813091889
0.0647784265938302
0.0523978223371659
0.0266318886357189
0.0417152848906474
0.0672557773336479
0.0654943649908079
0.0340396067312854
0.0152933684039232
0.090336440292955
0.0502999609916845
0.0589848499478994
0.0353073900599404
0.0555418241948056
0.0693919938028646
0.0812506627110066
0.0552194373257856
0.0252439530996623
0.0920927090034651
0.0480303240804658
0.0151715031106001
0.0707034754588838
0.0478995269857515
0.104796052778482
0.098202452632071
0.0465757098840073
0.0650112577426432
0.0829919546528789
0.0464916963356888
0.0550105734433982
0.0599198464751429
0.0521559729593385
0.107348085177987
0.0338169090390816
0.0310464238416354
0.03737963673044
0.0198883981817977
0.0493089476241163
0.0612955226844021
0.0380552508294094
0.0596456043917514
0.0887771202745101
0.0385523091666793
0.0353873857840174
0.0721171438505109
0.071943507910804
0.020568294811568
0.0220320684467249
0.0818681887181055
0.0732210104206881
0.0296051273177091
0.0419788980760254
0.0324695962746087
0.0170054937079602
0.079601121139334
0.0773892181337483
0.0494319344468631
0.0439331319573051
0.0393086691334681
0.0320640424314929
0.0528508257572295
0.0648500122194658
0.0348899290609808
0.0466888737920137
0.0494225489136647
0.0730026611158775
0.04301454428576
0.0477061411641745
0.0470638558956219
0.0556057079886423
0.0568211241358962
0.052966866362987
0.0499065794561701
0.0558707610539409
0.0456467858640109
0.0572646378077167
0.0337440545793137
0.0628493286839931
0.049395271975438
0.046234921272098
0.0398726595297735
0.0371458293651585
0.0653587142706641
0.0390762035404322
0.0337178283294763
0.0850724787857712
0.0465719305713215
0.0162552510936977
0.0771306649918791
0.0331535855691961
0.0877762548974347
0.0406800477572389
0.0348569571710279
0.0592813881241697
0.0240524554745848
0.0325339765090117
0.0627673837045369
0.0584377651507547
0.0542601652170462
0.0240537428738011
0.039000942929581
0.0958152670643126
0.0505783006867105
0.0698478561354897
0.0371161304151385
0.0844571365387051
0.0791583133241199
0.0516503212017232
0.0345890010031456
0.0606121804473208
0.0613315660112747
0.0648656189015979
0.0487644091287535
0.14235761678625
0.113531457146369
0.0218628760880513
0.0287224628538385
0.082633482774304
0.0361783881291284
0.0491355896899401
0.0919844092024921
0.0401830217953658
0.0742403516371559
0.0972449649837124
0.0462361045544413
0.0675658587067165
0.0396152472845802
0.0770472606633061
0.0514469379525332
0.0147956478433074
0.075413759269634
0.0659625712463023
0.0566748462909949
0.0705829889709842
0.0336485026235126
0.0476135066986759
0.057804977893532
0.0491311516461135
0.0289971068985641
0.048275698689664
0.0348490255653144
0.049300042801483
0.0703903325415685
0.0360199914291332
0.0187137758152911
0.0619298723336583
0.0323719337255089
0.0810653495686874
0.0321329685254019
0.0893499984839195
0.0403100239593756
0.0837169805938511
0.0395297600843903
0.0347690222539278
0.0411993667304615
0.0593960576862354
0.0524281333622827
0.0439755579055377
0.0365219346037543
0.0572313669469033
0.0355344881928492
0.0568763237662871
0.0661532933995475
0.0656642621440062
0.0481400602854537
0.0413964746082613
0.0752491552838649
0.0509863364164839
0.0419199909913707
0.0465832429948555
0.08437294131677
0.0421795891576832
0.0318043994588651
0.0488083164606282
0.0379394757863007
0.048210501048835
0.0367885844284347
0.0727607454241993
0.0525816077323392
0.0523413711640824
0.0439586325491557
0.0671158113667138
0.0597754871891283
0.0837529283437418
0.0787783572116503
0.0533813247851975
0.0466458537739863
0.0656912538563304
0.0347237171754577
0.0385194108932887
0.0403639147655986
0.0718131545618078
0.0450466490686647
0.119877677961381
0.0443529287681041
0.0809418518240999
0.0858208357126987
0.0682030356168317
0.04733071488974
0.0712041777742688
0.0640138713100536
0.0510321429240001
0.0688326591863833
0.0567392943698297
0.0639305060471825
0.05921850644616
0.0668390521068642
0.0659133917290344
0.10567809611426
0.0537400782257073
0.0446357117191125
0.0503182107630316
0.0442103764164597
0.0578496440938995
0.0460564079252199
0.0605368825920747
0.0213626184718178
0.0810829431196113
0.0539105103076164
0.0499152883349843
0.0589744204767981
0.00804411922953478
0.0407019206119102
0.0497637239629251
0.0624961047876066
0.121712088023579
0.0392901613950851
0.0493351601968501
0.0497915098600252
0.0464879546804186
0.0990239461927106
0.100124384357283
0.00781789829089555
0.0493491064130319
0.0464123800341401
0.0389969117171494
0.0664003290432461
0.0635331458852513
0.0436271746414626
0.0936137329355571
0.0267881565695652
0.0424537593700045
0.0584166456788405
0.0813560766083411
0.0688173110657321
0.0634723704857887
0.0845295332676101
0.0761121963692846
0.0888599989567607
0.0492048591114892
0.0932925544428699
0.0807840610184757
0.050144582381435
0.0346904503105323
0.0380382227762575
0.0545958416985635
0.0297888539262695
0.0449568296137429
0.0519371896746748
0.0733451855710035
0.052888384813181
0.0791549423894229
0.0200319485623945
0.0328301001762641
0.0407457023761979
0.0626808434911425
0.0280305126537342
0.0428552270788355
0.0683075431369362
0.0244709919087564
0.0695490776686813
0.0386719497072519
0.0585442574452132
0.0762028417346306
0.0586118768414528
0.0509921517230313
0.0484222751646394
0.0601051140522448
0.0484406985015584
0.0477153511853375
0.0921817714760789
0.0438473858673175
0.0539604038387971
0.0288505175276746
0.0685688728126122
0.0662988590366104
0.0609255785176102
0.158853049236986
0.0363510587240918
0.0506936923037247
0.0268202287938156
0.0656584188925065
0.0332731311793342
0.0458756608397356
0.0364723661296601
0.0542189981610607
0.0426662848253761
0.0350437916878593
0.0660332247060172
0.030321866360634
0.065669192165694
0.054880620431999
0.0546394767825469
0.0646896148273485
0.0674960036776425
0.0791906853811796
0.0342272427246817
0.0295792514152914
0.041678325341605
0.0732251247590206
0.063347243027812
0.0445811976361271
0.0507005580842914
0.035631253090253
0.0342280193932423
0.102948826415771
0.0398081461771582
0.0162294173869681
0.0315288251403997
0.068141886658457
0.0891753791790258
0.0851634546529687
0.0490852051721966
0.102430737847351
0.0560482433372045
0.0528201126514576
0.0461168060432098
0.0743360958029649
0.0659401799344988
0.0641928819194687
0.048919698460022
0.0277716098912039
0.0321485151554307
0.0483975804448011
0.0359078397055602
0.0346267459568361
0.105796139104852
0.0864509586522446
0.046790936467716
0.0420256276995393
0.0688391911632332
0.0380920392470729
0.0534282542527689
0.0322754288586124
0.0730407851755402
0.0299390189382561
0.0394555489675801
0.00910340991638006
0.0107416821027883
0.0557722263274361
0.0496139846378198
0.072710360976077
0.0255230108701664
0.0576600584438752
0.0281984928401246
0.0380658171375017
0.0520287227939071
0.0308523965557034
0.0368256082162332
0.0515981917015236
0.0498595727039492
0.0388499752293225
0.0447529798573095
0.0907920117380084
0.0505283297759476
0.0331955027646733
0.0493746218033436
0.0433216454932757
0.0301839548118615
0.0453589792378154
0.0854086171335392
0.0594275733991651
0.0635838418332203
0.0842826994651698
0.0605353420276959
0.0631374977135881
0.0393202257036502
0.0314695789700529
0.0644549408111589
0.0795300722890105
0.0835072552599952
0.043507627727487
0.0626466287723658
0.0598927928236107
0.0286141410114161
0.0439283722724309
0.0489505781151435
0.0500324715662471
0.0261842341216756
0.0886135082855737
0.085516312772706
0.0363173364286914
0.046301463510489
0.0590286882865485
0.0434247654343637
0.0634486648353723
0.115430240473498
0.0569102782493803
0.0447644063934258
0.0979549906871329
0.0333732705848755
0.052544860902858
0.0373258473014819
0.0520863881223102
0.0579929127728782
0.0391619922615039
0.0500471513550881
0.0822831373971744
0.0303715716376889
0.044093756787806
0.0133211386013578
0.0131421394292953
0.050203783498053
0.0569520531442053
0.0198897892274583
0.0630917824976869
0.0718713065516941
0.0588843704210133
0.0711569794301952
0.0342151619859342
0.0611654114600323
0.0402302769612498
0.0526164027009744
0.0364696437246707
0.0655588092104419
0.0550012001796657
0.0333719079717851
0.081683113837953
0.0546121507680883
0.0218067314431619
0.0406773659777884
0.077177482549564
0.0492470761888591
0.0516994932946217
0.0656432590743221
0.0421575354149179
0.0416384250871039
0.0534865380161406
0.0347848491861419
0.0424993000388601
0.0666115685700055
0.0564040119739045
0.0513296312360481
0.0502338568248327
0.0848930979092414
0.0502878264250848
0.0444591309184102
0.042665221075772
0.0669271483503301
0.0461737945543527
0.0574110230889186
0.0890096950231948
0.0532991975418332
0.0581900653175751
0.0658959597760588
0.0626366504967758
0.0575752515046139
0.0815719998946984
0.0346097240671434
0.0564602437476968
0.0587060203519226
0.0621911693042374
0.0478077891084965
0.0307941158383708
0.0463926434860409
0.0511815486583177
0.0925110044502684
0.0404148261016277
0.0905325507466684
0.0369082975797176
0.0221075809487434
0.0909962632547173
0.033709229962144
0.0466440101967859
0.0492124582053762
0.0489089747151659
0.067338563432815
0.0577856674798758
0.0589650331007271
0.0811915248530108
0.0448246457122918
0.0517284351493334
0.0273864545407251
0.0483432987793762
0.0325214753394837
0.0245226558080949
0.0366717307660352
0.0425597695598217
0.10200426817813
0.0554483882852139
0.0584523819257169
0.0382589412580403
0.0555425569170103
0.0743514567073449
0.053666961040651
0.0360724720173231
0.0665287819946554
0.0442300415224988
0.0444162634257322
0.0393068930849862
0.0838712736642482
0.0770486789927671
0.0713430889674653
0.0683699181001853
0.0751524712073653
0.042915233897899
0.0535267947929347
0.0558625505336465
0.0475193267594978
0.0789794503605601
0.0234596161703571
0.0437494930005517
0.0673965001775335
0.0801078878566112
0.0506934477629176
0.0340445153134811
0.0470385491160872
0.0283638737055227
0.0324658002552388
0.062291147349054
0.0517663809684256
0.0663363891765283
0.0789837274024142
0.0862964234876139
0.0311889579395623
0.0512795881687777
0.0498293462190704
0.0337135001946457
0.0332577980942836
0.0370162594029631
0.0683580490876183
0.0427350306699519
0.0177737461643124
0.0344784293410481
0.0511145384403229
0.0570462509026849
0.0788070657647269
0.0901741423280169
0.0531643113497476
0.0801154609383454
0.0552130823989583
0.0342496614769108
0.0399573381102154
0.0588488954618666
0.0774392191008654
0.073788142675974
0.0619209024267995
0.0309106854771191
0.0694653519719701
0.0433414222338865
0.0362974016215842
0.0732843557068137
0.0826152239162482
0.0499313976233892
0.135030838649075
0.0484060042469402
0.0651770462710252
0.06229169903248
0.0596578473387978
0.0350329588576616
0.0413715828602835
0.0778843677258016
0.0393968096138277
0.104719373936259
0.0549974003089848
0.0592758694558727
0.0432954028316862
0.0327008645604328
0.0246618417587537
0.0559667887833116
0.0483147362433948
0.057833285655617
0.0662847610492012
0.0732214965538299
0.0711396314636987
0.0591996336487855
0.0301781746536665
0.0501941967007234
0.0380991747936441
0.0540573275170045
0.056283506601786
0.0298506557656468
0.036790178632281
0.0377868958646598
0.0566563136083781
0.0469999367537281
0.0458935622650364
0.0416751324577396
0.045739453041409
0.0520909522838304
0.0702008487220768
0.0459131094845447
0.0572414714553253
0.0658709865968489
0.0369391742377587
0.0490505801182623
0.0441297409017844
0.0342654877538063
0.0485183067547642
0.0394732754975568
0.0536325809147334
0.0416889553432811
0.0723248111034941
0.0413135622776273
0.0649743421864986
0.0390266953096627
0.0435360516560586
0.0971853799598009
0.043907482475764
0.0347916964358953
0.0327404231121361
0.0584264193257194
0.092373982760908
0.10410608969511
0.0480056787769128
0.0438816195494721
0.0538786119550953
0.0657880093401605
0.053377693613153
0.0536474683376915
0.0531983862341419
0.0705571559498359
0.0488280415369846
0.048262010636512
0.0714506767320869
0.0299736221226598
0.0489936153010314
0.0455665497432189
0.0644343256256765
0.0423566262680659
0.0594466315654332
0.0487878071714138
0.0338157981391439
0.0349266939051613
0.0620538572571442
0.0847940272842114
0.09669586098226
0.0669870327528575
0.0474379439760717
0.0598117002630225
0.027271838028245
0.0256818645672866
0.0243235406922139
0.0687424124684479
0.0761097280378095
0.105952515879787
0.054157779267961
0.0287865377784882
0.0623654354576825
0.0371620699741346
0.0283435246417053
0.038629482442659
0.0376835633779273
0.0638105643384868
0.0681736788515206
0.0230147700467993
0.0737001273550745
0.0311789609933234
0.0490947298113475
0.0245754367284707
0.0354049998455799
0.042827142200024
0.0345397536850955
0.0735669564032201
0.0452788463678819
0.058372649755368
0.0495716343567634
0.0674837129028001
0.025856925505523
0.0502702695499189
0.0434275574678996
0.0406147456279249
0.106065679817838
0.0907757160859725
0.0597482449660595
0.0391114548947634
0.0655566766119097
0.0433789425584967
0.0734801579276054
0.0507259123528862
0.0391964604303841
0.0877294852764201
0.0570829472302451
0.0378323065749833
0.0653352070744111
0.0356297106795613
0.0390272978928063
0.0451167961071003
0.0476767849318931
0.0213078167099872
0.0663542509733711
0.0714465178042663
0.0657814311027476
0.0191440946895674
0.0441681226995994
0.0397765396082218
0.0671789461392397
0.0487624443890728
0.0556252994516297
0.062272371395499
0.0911302304518266
0.030017000623481
0.0621312313874169
0.105437668130919
0.0197167312323423
0.0661059142513871
0.0839994059522923
0.0437196087241797
0.0714239494339283
0.0701175406102198
0.0750438655750644
0.0337359599152855
0.0575262706731851
0.0363467217479063
0.0596654479759272
0.0299758659228445
0.0350201894149931
0.0428057222796101
0.0310339883706383
0.0414481598501037
0.0811340254783372
0.0710828224012648
0.0466642523143962
0.0591652328023534
0.0923298011885299
0.0674512162420976
0.0801359898826011
0.0811406298176739
0.0329996613337133
0.0489519207609888
0.0826368770680669
0.0900059378514698
0.0602827909683084
0.0424567159482868
0.0969859264017079
0.0495261845287973
0.0522011054095554
0.0276215009985358
0.066771329426584
0.0550729096589194
0.0438601979546684
0.0791661538486147
0.0818590364527982
0.130985977803492
0.0426508615250515
0.0659251160972718
0.0547033376908864
0.0492285865440017
0.0998838223175351
0.0459654426751745
0.0402352286442471
0.0714559214914044
0.0892272283352654
0.071769427782516
0.135795265613676
0.117108337469
0.0953536167313406
0.0567112456656809
0.0601035846304534
0.0800537047927394
0.0559216562660055
0.0303884130159795
0.120141476257081
0.0953881286979471
0.0677913415512859
0.0468588933397854
0.0520965944020545
0.0652380304179187
0.0557357237622866
0.0733180634343108
0.0795446830987531
0.0502668563144337
0.0785015124831532
0.0434073702596364
0.0379634373245108
0.0513806297940477
0.0450195570019115
0.0941534730973839
0.0707365052335809
0.04901443176471
0.0386680894676431
0.0606988052180461
0.0631693748924038
0.0194633942846236
0.0698274313189584
0.0716292817838184
0.0391169834491292
0.0680639297668492
0.0525895396316951
0.0815122804998039
0.056223809214128
0.0482966674511248
0.0698527347035084
0.0175164142933497
0.0174169797284061
0.0666107935214166
0.0573679015292975
0.0326119147718576
0.0315539145474686
0.0310220624493442
0.0188462783996555
0.0296865731921584
0.0504746356375563
0.0735985575908047
0.0496325878422689
0.0267287000687086
0.0529252496274354
0.0469778541125244
0.104034273727221
0.0480465578254584
0.0451666857646476
0.0489142002248699
0.0694354746074143
0.0438460718170713
0.0458761073750325
0.0451680215862258
0.0409773622925533
0.0746114516853896
0.0556750400650528
0.0501209810687122
0.0362454098436763
0.0666979798944976
0.0653539771021183
0.0588352833109325
0.0555236588298696
0.056994528886076
0.0878746863899242
0.0661571513846835
0.036980313873951
0.0506685979461554
0.0464357970056584
0.0365924570977284
0.0894117882958581
0.0295876439172917
0.0292219672087887
0.0378482255985774
0.0380829867519753
0.0511832075862753
0.0410232791408629
0.0813101236351571
0.0466141310152713
0.0601375913376941
0.0388294885417844
0.0498479993977898
0.0435594508754684
0.0212071706131033
0.0427381724206179
0.0579759602382981
0.0463017052608616
0.0846786546818791
0.0311009907430549
0.0179537803957038
0.0872910002094061
0.035656347616109
0.113947550201335
0.0340875148837489
0.0337528778162878
0.0481390625180744
0.0907470596557836
0.0618046153856132
0.0301258035527893
0.0502146603276694
0.0376787841004739
0.0569973357517578
0.0561910313876712
0.0198423783643026
0.0429665194282269
0.0377346090997896
0.0503760678995301
0.0374142128597851
0.0400211612487477
0.0622162778241748
0.047055201401192
0.0565951510108878
0.0845861297556593
0.0194906957175246
0.0486158861507009
0.0467431144508346
0.0248991875066647
0.0899426335762263
0.0686340223542816
0.0532174365868882
0.0546167623419955
0.0512885611148841
0.0534607861032028
0.0208694694644795
0.0380584015278818
0.0739671103323915
0.0454245022491266
0.0460247100741454
0.049740664048096
0.0487536763973741
0.0422828544915424
0.0424851982388588
0.0416811914788815
0.0563705630101143
0.0286141515872088
0.0525480450060075
0.0446324276247249
0.0391126190510574
0.0629544492481829
0.058316244266979
0.0786764358918614
0.0509034400009757
0.00105357929367215
0.0519735228974302
0.0741935632353953
0.0532110951617522
0.0657669746845253
0.0397400311833659
0.0400860480488644
0.0334788989671081
0.108752280763176
0.0365926013329443
0.0533700789749732
0.0631335700608767
0.039126037646003
0.0533263369998433
0.0469371415950567
0.04450727116
0.041487470789491
0.0630433733132869
0.0488844308499317
0.0399234911376823
0.0537025456564951
0.0330276035739019
0.00480579249157755
0.037458798970054
0.0431399218700855
0.0370623719403908
0.0507199177254947
0.0458739811319471
0.0520571980033291
0.0280556822621113
0.0496751541514855
0.0746661797029252
0.0725238815548895
0.0706901680018
0.0310740537038229
0.0537174761184179
0.0425128823221194
0.0528128670366159
0.0277217967854874
0.064016156663158
0.0874130214505286
0.0306738659559689
0.0434340930912235
0.0830810809441461
0.0445749774770937
0.0728148654028411
0.027362495516735
0.0445387702450649
0.0610327086947749
0.0423750258787351
0.0660769456857001
0.0460278885834726
0.0835329575195934
0.0580338586829352
0.0374777521873085
0.0507390921824167
0.0714670497346658
0.0647086055959687
0.0109810132263723
0.0505440237906713
0.0507377615077006
0.0337267838295278
0.105992646901823
0.0617858795471782
0.0491558119301177
0.028641587038274
0.0266849351498783
0.082588409540149
0.0470448096145692
0.0402342546252738
0.0695740712793178
0.0580428740669349
0.0595386267873424
0.0718448664414712
0.0440920002642081
0.0405926262524504
0.042209994060417
0.0557879021910221
0.0366860282502301
0.0517428786153327
0.0989211305919447
0.0722744796263293
0.0556970839098029
0.068292341641849
0.0292033904426818
0.0353747983823799
0.0602095045514909
0.0445311987427047
0.0333426705771483
0.0562943182627138
0.047988228410618
0.0571609178874689
0.0995896217711152
0.0522824085071596
0.0644271915226477
0.00478539939537941
0.0815753329289797
0.0799825598996406
0.0447166844121859
0.0399919864778155
0.0574854658783453
0.0647836979542423
0.0396865925392867
0.142472816684629
0.0511397598173188
0.0618041964834275
0.0522815260940004
0.0457308571968499
0.046235294771597
0.0480130515656497
0.0747214402759481
0.0690315066494026
0.0559681386640912
0.0858533386343304
0.0321721834105925
0.0749933315835388
0.0231236510091842
0.0859749402051014
0.0154170577994597
0.055899783631369
0.0868815228427513
0.0369220782373815
0.037521248289443
0.0633331212337835
0.0284161715730465
0.0477230064439179
0.0579418991199865
0.0759101387264578
0.0586839742642714
0.0581198364575548
0.0404993050711215
0.0292200876123547
0.0723107225498053
0.0421458683046566
0.0442710736524684
0.0451875113380876
0.042636786966829
0.054109761922829
0.0478669857905367
0.0427580630339466
0.0887405728432666
0.0598785853684766
0.0395640884668011
0.0687289831045369
0.0331224381779196
0.0588092695726583
0.0835460555343797
0.0561299409323375
0.0532211119881861
0.0711270744889211
0.0667712890699553
0.0458276427438307
0.0762976007127922
0.0490936340964228
0.0456314446939891
0.0349639284633383
0.0727415442951562
0.071259939714737
0.0251842136258358
0.0463361383230977
0.0347553173585388
0.0501654119558995
0.051323595903905
0.0642423203824486
0.030960290241446
0.0422550593674127
0.0563234160298817
0.0581980186331788
0.0396764308863903
0.0914528374634926
0.0380018563310123
0.0965237250634255
0.0702501278384726
0.0891475235635838
0.0333575391336716
0.0923691016319045
0.0403526747649653
0.0604717737012603
0.0387342999226919
0.0468965928766722
0.0126476250936321
0.061690348368539
0.0478982161810731
0.0515926003212454
0.0586605286129812
0.0253827225031124
0.067888795021411
0.0768817879985601
0.0458186642112312
0.0913968534614922
0.0282561126990288
0.0432181097983088
0.0240322704021903
0.104995060295072
0.0515151695921435
0.0324457873849641
0.0819046907366575
0.048998368166777
0.0609717142867294
0.078093892225124
0.0141655379866431
0.0632578131188064
0.0691804397280553
0.0527576440783491
0.0550726789891457
0.0677674017851373
0.0564233932702185
0.0340515224499564
0.0288555104174144
0.054251051131276
0.0709513117191446
0.0484174216313826
0.0711458165437625
0.0397365426911949
0.0367009497294007
0.0635485115579846
0.0708563364235176
0.0525770393528511
0.0435542993252108
0.0802899621465545
0.0805710520870585
0.0420177416960422
0.0986559336649719
0.0687884309977023
0.0481863667759089
0.0495567117085537
0.0291256848956593
0.0562359280684985
0.100139784765281
0.0396356433393027
0.0643771853307269
0.0353149110062297
0.030622874921724
0.0558584622469769
0.096903447941086
0.0525592920957213
0.0536820922749002
0.0732662578349789
0.0559242698995024
0.139005194807782
0.0448814291996293
0.0299446620703052
0.0262146744092726
0.062379013006619
0.0920034989011783
0.0543682888633428
0.048521616440331
0.0453907581029985
0.0969279977531224
0.0630791305121635
0.0416589732234227
0.0958362657617317
0.0299819487407692
0.0819130281275381
0.0817776625147307
0.0111059979607523
0.100367903664998
0.0574229367669446
0.0740787588595648
0.028435321903259
0.0400435969568853
0.0576625104064522
0.0617774855552628
0.0405165501573332
0.0355862521925481
0.0927738395192842
0.0354881754921907
0.0642663099816508
0.0452218579860799
0.0679337826883351
0.063669474211262
0.0401037205898899
0.0327781842303967
0.0597965923812993
0.059971422875612
0.0116896366357922
0.0493950547980902
0.0584428305174425
0.0460865637173223
0.0325028614567159
0.0561293594784103
0.0535196241673971
0.0188812964646547
0.0200874469348472
0.047337895134489
0.048943157424191
0.0114284313378725
0.0528285595039326
0.0834610831762859
0.0649371723326326
0.0292167953114944
0.0668128058398707
0.0248652822252563
0.0465946396068117
0.0461313209978128
0.0469450174418294
0.0467753973806084
0.0517971033064341
0.045607088150264
0.057958436504643
0.035829547945289
0.0356162283051764
0.0602881307891398
0.0595133481185823
0.0454274639534328
0.0480707818779947
0.0703732375805186
0.0402164625514569
0.0948260645919019
0.0686553351201428
0.091990449492854
0.0516480728717412
0.0222904759770157
0.0594221500300696
0.0621602105643265
0.0595146371299609
0.0683523233653778
0.0455681743205306
0.0807060987009185
0.0341148496946575
0.0445558955885868
0.026076536430147
0.0759168382656708
0.0502615296677625
0.0816790685589465
0.0558274780807404
0.0490886103194843
0.0325753467747177
0.0448769786442239
0.112244839146636
0.0460859583778617
0.0369328470775333
0.0679422506997935
0.0231686144989287
0.0256336973063144
0.0412234952517589
0.0329384418983702
0.040564732521797
0.0430950368185164
0.0542395827589245
0.0515798338533716
0.0358934635749112
0.105321870494391
0.0404614912609034
0.0778285035629842
0.068867436404515
0.0661052028471427
0.054870693310639
0.0501242669942434
0.0344290667953281
0.056231135115208
0.0521061177864152
0.0271379618442435
0.0301487699605354
0.053059068583832
0.0605765470965045
0.0666362476046752
0.0714136637957572
0.0668880205206703
0.0676853831124556
0.0580451735438689
0.0565035092169887
0.0538467804077333
0.0366721626996608
0.0643472491688976
0.0421828090207115
0.0231155604547792
0.0563453982022922
0.0399313507400436
0.0317337432474658
0.0527353967612938
0.0526060454610247
0.0637198233837529
0.103066638786221
0.0331377746124849
0.0449798824206821
0.0295021425914922
0.0394575125419741
0.0244461880393167
0.0371353759318807
0.0627628660160441
0.0613047069625171
0.0657583338045114
0.0657107274491989
0.0480141629300178
0.0657302322947697
0.0562463596363785
0.0363743841694114
0.0449833132376119
0.0614251498724627
0.016672871804425
0.0372572883209555
0.0409529348253241
0.0538428014857134
0.0262726380559131
0.045205152028425
0.0824702993755975
0.0480531414068565
0.0496436739031437
0.0605031545479338
0.039204793980236
0.0439946476453458
0.0745970710354611
0.051054955040563
0.0653047875415637
0.0463302320364944
0.0537421647417259
0.0320502324789402
0.0511193153476387
0.0443736137443888
0.036296301059905
0.0464889424019194
0.038286582519311
0.0691725631825861
0.0496139564946531
0.061982603884935
0.0630580067913336
0.0376605290377479
0.0410556662994432
0.0272993751150027
0.0800283765149531
0.0306836568626912
0.038632047869439
0.0506457732886403
0.025714582416137
0.0628479412802027
0.0817367774633846
0.0422882186175068
0.0747834583085906
0.0595704090569778
0.0402331389309201
0.0460369219066252
0.0311734071417048
0.0616719688538306
0.0761326072498481
0.0567970118531888
0.0383314115588133
0.0641224919351824
0.0356078104063135
0.0501330796734289
0.0324952911295583
0.0646449688969368
0.0525507848148871
0.0387877572306282
0.0345562254053911
0.0466969146148356
0.0496872030270755
0.123672200162827
0.0809478076076746
0.0495564272775457
0.0249862346750387
0.0553291923441462
0.0339152454170042
0.0268983259767153
0.0542602472913916
0.0666493277201265
0.0624032964266158
0.0441727501772351
0.0351044843418146
0.107168393849289
0.0891416662460883
0.0625287696379446
0.0579687734981762
0.0420180873465047
0.0213995686283241
0.0424428937968585
0.0413282836260746
0.0519929133528996
0.0744218115019653
0.0153415319494994
0.0471866608365256
0.0667811241328357
0.0404734853595886
0.0446300632240064
0.0311720078461559
0.0524423723751089
0.0989712127459972
0.0430576280291593
0.077677917246543
0.0459860046342682
0.089216106628723
0.0695134870231512
0.0719543523755755
0.0661442944725712
0.0402596044115788
0.0404325926055127
0.0623124987183744
0.0895815119596404
0.0378457616463345
0.0446499200217031
0.0505296123645878
0.13050753295563
0.0374658644366312
0.0627505215249051
0.0675549108705214
0.0243793076542464
0.088311080410814
0.0490861277521324
0.0454706337176807
0.0293821043613624
0.0391344175613227
0.0645596604481411
0.0392551278396473
0.0562927148164355
0.0492665824828207
0.0450732413868138
0.0284713387074093
0.0216713694061874
0.0731768173802241
0.0390507229931233
0.077151098113345
0.0417390081570167
0.0839204429368896
0.151450972108877
0.0776616739025201
0.0389234743366533
0.0616446657998231
0.031823482826349
0.0519055565638543
0.036396638970236
0.023737918788861
0.080153281738922
0.0354498477401594
0.0614075145316932
0.112790575983808
0.0192130295084084
0.0476801828732396
0.0721145870757774
0.0576144932550804
0.0676766722059309
0.0600973840051936
0.0585273565806791
0.0405093438529736
0.0351937356465613
0.0611122114346085
0.0997297368726815
0.0766340886561564
0.0591849627802365
0.064924434515847
0.0561038083577619
0.0679548552340475
0.0433996695313293
0.0428628914563542
0.0299689655303701
0.0806545702266677
0.0384869200370133
0.0548313326626951
0.0258873031685348
0.0183607840352584
0.0654946161986951
0.0396645333966605
0.03836185906811
0.023401570801224
0.0548454885617842
0.0703914842020226
0.084235847851975
0.0667974749425491
0.0485296189139621
0.0651719246042408
0.0358285646462705
0.0405393408966152
0.0337737566572413
0.0320111138918166
0.0395330709902916
0.0695189701428633
0.0282605069316716
0.0358199192245549
0.020899230416688
0.0308954468942252
0.0536377578250159
0.0529330666869724
0.0279632249072732
0.0416436956365568
0.0352468971365879
0.0483546701420348
0.0533474185648839
0.0419364605225963
0.03137594803537
0.0467912209863946
0.0379021826732851
0.051193202465708
0.0464072365216743
0.04531505351938
0.0739398976442084
0.0364751107106201
0.0630002616006799
0.035651222661126
0.0713248031361417
0.039893677936026
0.0415412349065952
0.0788242226180776
0.0343338992027509
0.051272698419966
0.0448571598251623
0.0104091856875353
0.01581958310814
0.0786725425063259
0.0548222265186211
0.0647226456339562
0.0398541035986554
0.029860778679099
0.0345427497123719
0.0421125218014428
0.0285190301508823
0.0374812128040782
0.133296607069714
0.0196408052668764
0.0604379081055137
0.0313870837575885
0.0299482559311062
0.0355302708381899
0.0960352701287008
0.0731532424413183
0.0635493186632159
0.0763500178091598
0.0465554094445785
0.0204403203134328
0.0938468168491506
0.0348765918091117
0.036988762112585
0.0384214000732833
0.0587705024705199
0.101101190663146
0.0419720586938219
0.0204576824831589
0.0625017546833053
0.0453353037369402
0.0663606902643035
0.0536872095347277
0.0420020668496127
0.0586506314684451
0.03703583502885
0.0638753620924883
0.054415474160571
0.0217773686433396
0.0745647630156031
0.0547600250310519
0.0286408649056902
0.0367712533902247
0.0632607631086032
0.0409418407185814
0.0500551122546446
0.0638198841962525
0.0645807158089246
0.0472107887230915
0.0475489997095513
0.0448075102932407
0.0498100147971483
0.0393344825902344
0.0471811164675242
0.0648666812533256
0.0508431370996406
0.0497196208010291
0.031662329324954
0.0538770352550929
0.0467297522681381
0.0277705584142967
0.0366183943215616
0.0558260149299836
0.0536045479239851
0.0345436811337251
0.0485752719118135
0.059477596742718
0.077468645439484
0.0690434926746174
0.0317596616351939
0.0254320567504417
0.076553289389118
0.0585245011441276
0.0684789405580177
0.0870466166039901
0.022785530391523
0.0470537032336061
0.0500340171330515
0.0250848963878289
0.0467720072678474
0.0740652427068342
0.0293140547746855
0.0789373762940133
0.0476317110524217
0.0490068552888427
0.0853556523290666
0.0629252579894648
0.0597271224111859
0.0547635569827357
0.0800174414391561
0.0584509741606705
0.054534729518819
0.0744257681194598
0.111564168963494
0.0331683120954248
0.133990163805878
0.0398448472870443
0.0411313466086403
0.0503467657465562
0.0475848421495789
0.11719612348341
0.0354428484870048
0.0530776711266165
0.0620011725672538
0.0523515550824131
0.0810280426139581
0.0591385272518675
0.0997696853367501
0.0427120673915669
0.0332075584032085
0.0662008774978696
0.0286540801122572
0.0299059093541636
0.0228582363507966
0.0649924317551694
0.069628313828861
0.0640651260720202
0.0349238661931947
0.0363935891790555
0.0520158046581603
0.0496033238842442
0.0568185267999577
0.0866560669081582
0.0361417158309569
0.0305478768617567
0.0510571498511562
0.0461873762252718
0.0561459904436651
0.0805300202469416
0.0331550546345937
0.0892227787014625
0.0760198280923243
0.0524139108637627
0.0291683990583772
0.0704036220987575
0.0600399933917452
0.078213948379129
0.0486028476308069
0.030460075720677
0.0366859352629136
0.0361018176137218
0.0609050754749479
0.065404877588219
0.0600350304029037
0.0406581014977689
0.052194356713309
0.047589188261543
0.0654940453682325
0.0623924840459824
0.094579694378426
0.046505641192527
0.0695641201248883
0.0667317173258073
0.0854283463104421
0.0927487634298596
0.0334510867904677
0.026304194220933
0.0709917349221392
0.0581543307346379
0.0259874461538345
0.0542894004206157
0.0624402836152094
0.0784760784957479
0.0656719820549945
0.0753983304809305
0.0634965930150393
0.0628277638475038
0.0502739580548773
0.0340204298484501
0.0438663894126006
0.0634973082087617
0.0263301883465326
0.0424148555408678
0.0143631894184434
0.0508650116757014
0.0652053010189429
0.0728920014517437
0.069751009081406
0.0733478012122249
0.0835511715361181
0.0488863489113573
0.0462902287690159
0.046159096577468
0.0343010027317225
0.0732214646243522
0.0375477172949549
0.048224852918172
0.0679410591604171
0.0218573699499022
0.0600276596554574
0.0298568635431578
0.0558702187297708
0.025910670217971
0.0677754058289835
0.0498306357023221
0.0910525598504318
0.0501759314078144
0.0856681333662811
0.0356817430935042
0.0527437580915486
0.0272004913119915
0.0516198340300414
0.0589203961195309
0.058483317533432
0.0494941878143592
0.052509074382029
0.0388086467542796
0.036207110596057
0.0543568657760987
0.0810075552175333
0.0269863350541153
0.0408307059238432
0.0410204617479985
0.0703751737145408
0.0388085739464635
0.0265140074840169
0.0425111274199056
0.0667055641244083
0.046967234134726
0.0178940205339067
0.0372796365483242
0.0583899304653496
0.0513672742140322
0.01986733501659
0.0969416062086609
0.0465144694746141
0.02187090303131
0.0615977370012889
0.0641037631822432
0.0349130141547946
0.0296797949852286
0.071813901831075
0.0973314213343368
0.0527817388404116
0.0532128420913677
0.0452272637068014
0.0851598700049495
0.0229372642522483
0.0505956410646486
0.0996523684426252
0.0587558317169607
0.0431158529168425
0.0564997993237308
0.0473904102156328
0.0396907983657533
0.0341250567449462
0.043127106510342
0.0704556146899356
0.0892799508586097
0.0718056610300113
0.0507646036766758
0.0623187465657523
0.0336767552103312
0.0476373100675413
0.0837623887604774
0.047030150995485
0.0426787242111644
0.0567768010938996
0.0462404119411694
0.0435350166906514
0.0626391700585574
0.0534631247249149
0.0551563656913937
0.0517649720780658
0.0624345150024666
0.046501947884068
0.069035564163249
0.0501126648970184
0.0273135234063678
0.0385337192099933
0.048652157643229
0.0461125048340024
0.0643570647341517
0.0447102264924364
0.0604615827230228
0.0721849712828991
0.0536625942132385
0.0463721124892552
0.0623986210214272
0.0498804050584025
0.0710543075890813
0.0257297240415269
0.0250561209193796
0.0457667165509821
0.0483930325251168
0.0436296968473576
0.0359585026944773
0.0872731455951707
0.0494000449207712
0.0577285103131374
0.0258529009278123
0.0684794509132724
0.0642491305337639
0.0438358349023933
0.0955732465325139
0.0386504107549253
0.0882567725860327
0.0785225133586882
0.0462761459274592
0.0487594999145041
0.0559712157471227
0.0453103094497593
0.0579000995897579
0.0513296973623529
0.0802524455633416
0.059063633286297
0.02981036170572
0.0618263478197022
0.0669921666326775
0.0727231377719514
0.0569231296095918
0.0262277609784337
0.0649183609059316
0.113799308205206
0.065315984694868
0.0462037287503187
0.048378074992216
0.0711386071798387
0.034250443685679
0.0381068464757518
0.0657152985911715
0.0391860403995553
0.0509033961596572
0.0232698104703515
0.0333271037603675
0.0374100333269565
0.0718087265864885
0.0398284275076375
0.079284227356149
0.0379195852755598
0.065782442047734
0.0373810029326108
0.053422155762451
0.051259799535537
0.035809872793727
0.0286687123756456
0.0364105790943259
0.0390447289783543
0.0462923542335749
0.0431694672689341
0.0432282605001287
0.0485886464477093
0.0511419047566232
0.0773661138726384
0.106061559330828
0.0446302290994127
0.114400724457579
0.0279735477958548
0.12150641273161
0.0463285040313285
0.0430319152186541
0.0548139462167859
0.0542016459234064
0.0628899343025798
0.0677968307669127
0.0369754287511317
0.0105353863932958
0.0323759815084962
0.0612701057724089
0.0869549260926427
0.0511580415357151
0.0775059612046766
0.0766140880011465
0.0378771012657703
0.0297854102587627
0.0694192677934324
0.0191181031133058
0.0477892770023898
0.0400330585114307
0.046378909628342
0.0272088787275843
0.0535999817335461
0.0749877807040261
0.0193934458907911
0.0825505497950194
0.065469408696118
0.0724009507486052
0.0659734274958869
0.0601838003456061
0.0415082936680207
0.0426559059070808
0.0468425474035246
0.0352612332790867
0.0472424428488345
0.0335287815040807
0.0472267406274212
0.0727948290794459
0.0639952765376745
0.0525328387367133
0.0282213700721056
0.0534613179251741
0.0388300555391039
0.0525234287541715
0.0384029798045395
0.0658908167654798
0.069979994485158
0.0541689190564838
0.0691958313996884
0.0320086505409456
0.0692915983656061
0.0498918860113861
0.0294148504790932
0.0425162399913234
0.0566289875851173
0.0486128150160282
0.0605197278052815
0.0816351756101733
0.0427303113594703
0.0197121280933704
0.0791719090358486
0.0532801354174593
0.0330237029489324
0.0418415677763541
0.0422890538444725
0.0324450871670287
0.0278579986079433
0.0279194562057606
0.0417378630804162
0.0268584513316291
0.0543349369462007
0.0360688548411175
0.055532373560419
0.0950632123800423
0.0725669538752575
0.056285651734381
0.0627274187256545
0.0719778261488238
0.0382860599719243
0.0649867996953737
0.0715242904406312
0.0574643232704171
0.0592842844901429
0.0586226318177275
0.0644893039907431
0.0340541100730923
0.0764837533594207
0.0624005726106696
0.0373397089826133
0.0425519722909718
0.055893752996104
0.0583254923266836
0.0311197629479463
0.0534015705783511
0.074558934342522
0.0904194581008849
0.0641588727817832
0.0455913927279314
0.0621738824390147
0.0602955157505899
0.0434672998139026
0.076382182986149
0.0831747474408826
0.0293453690298144
0.0527586636468095
0.0922777902317227
0.0684533560210411
0.0477919665552264
0.0509411826147582
0.0344466893135489
0.0539225830968653
0.0512502870302022
0.0441661384016157
0.0310134311810103
0.0521019655287984
0.0432638147389441
0.0696231664469339
0.0501620342721621
0.0368592169610095
0.046653366559366
0.0394430802099394
0.0611956445428355
0.0621865744751219
0.0737137687211755
0.0285867161922923
0.0481298758886548
0.0381609095841822
0.0536085715488329
0.0522469556515142
0.0719090777447597
0.0437567281931796
0.0470936182070463
0.058669013160699
0.0356849134137711
0.0524515064387198
0.0464009539309117
0.0310593701281922
0.0550629364840639
0.0358335688533901
0.0554251534343148
0.0409390463441216
0.0872654836168781
0.044089250696793
0.0283303662241962
0.0347816796339653
0.0484616010425742
0.0296505884254388
0.0460272953666168
0.0468053075898741
0.0326901164546846
0.0672948385619088
0.0332633437583573
0.0182390810028326
0.103660771209581
0.053360423439188
0.038184889778782
0.0482769731756552
0.0341062301160765
0.0708380049385055
0.0767517432655358
0.0888493574251198
0.0534636079540483
0.0336420218274448
0.100875770300908
0.0566165172046649
0.0579890569369055
0.0548427563312647
0.043201865997397
0.0585764006455328
0.0523595086980831
0.0282246755200576
0.0586565003798087
0.0424640478107023
0.0256908540848778
0.0328700366573297
0.0600271356296005
0.0901267059135063
0.0661397049838621
0.0548879810992138
0.0419404768379846
0.0747248832891815
0.0602110750944937
0.0437261773450681
0.038747791423922
0.0405024135962695
0.0870399478244674
0.0630995955025781
0.0517912388958224
0.0371376778335094
0.0535270582346841
0.0485163865476967
0.0358892327192405
0.0698899233724055
0.0292898659616255
0.10174045212942
0.0374029043473239
0.0554365325533989
0.0523893261859656
0.0382875509721575
0.0612504449540369
0.0424316655971438
0.0644346486954775
0.0801251867284286
0.0811582902202269
0.0477239625457112
0.0856949966898355
0.0677834149255694
0.0677881167202326
0.0742954685115706
0.0764848350625488
0.0688181971018889
0.0587733942310556
0.0879471747720166
0.0663395412417144
0.0258967662282517
0.048058313184487
0.0635142896000914
0.0681917361399947
0.0905175007058984
0.0249209225200258
0.046322266778466
0.0441224373765448
0.0436531487041164
0.0650788361289256
0.0409475356565262
0.0530485067195069
0.030128059704154
0.0874427989665701
0.0500124818115046
0.105226926603332
0.0616578121975513
0.0429507198485212
0.0560294666993686
0.0408932630634812
0.0708330779418868
0.0790194567178438
0.0419287672349214
0.0323821035597986
0.0260019347034183
0.0428423450151216
0.0464901856704951
0.0687948474849641
0.0542797140744859
0.0944657751912863
0.0556429505373615
0.0694546801239404
0.0542376191966876
0.0345641851519818
0.0263779654983453
0.054511192070631
0.0450873169530042
0.0295502054161831
0.0232327445383278
0.032013322344204
0.0642106283365759
0.0757415109360939
0.0585199759635321
0.024845638611555
0.05308402267824
0.106140179839339
0.0467045947908768
0.0292321353415219
0.0783605338318746
0.0637498656248657
0.0385480939879278
0.0546429600350951
0.0804519209965451
0.0720440180795709
0.0384789511714009
0.0463963952378352
0.064746737195449
0.0464621656239375
0.0182680610988292
0.0670891365411056
0.0596237994462769
0.0458228548263081
0.0356944690166149
0.0637009456469068
0.0514095097593737
0.043921280180331
0.0785969968796496
0.0251502201876406
0.0277978559669338
0.0497111828286381
0.0638185695430008
0.0406769073871989
0.066308012654629
0.0540894721918511
0.080035875385563
0.0231813982644083
0.0542751664075887
0.0516457300974287
0.0443181612077851
0.0536423475436007
0.0760402735846631
0.0967717890470249
0.0614474377373857
0.0185640047565039
0.0534177703842023
0.0606458504052537
0.0435505797473309
0.0305126656085796
0.0620457874568503
0.0930031222626822
0.043350422369544
0.0216685707701648
0.0333675439049347
0.0952822356767946
0.0609167832869425
0.0588305066009452
0.0528961417628316
0.0380590939380218
0.0868401515232295
0.0849846811290827
0.0403341563314324
0.0373819977252596
0.0573339786489552
0.0512907117611871
0.0793370176520871
0.082608828411601
0.0457054005367575
0.0445704336185306
0.116252593577655
0.0519079011879752
0.0468944651033538
0.0612011604286927
0.0820443579009338
0.0476263911048124
0.0439978257752392
0.0736970359877679
0.0786371256343329
0.109225590639753
0.0378853532037489
0.0433036839690282
0.0556398243266437
0.0382151240830831
0.0777324019180168
0.0408831809012528
0.0631861566849808
0.0252981586014235
0.0753000107596622
0.0707293458654743
0.0604413821535184
0.0266083534516724
0.0379695064880203
0.0570969129293179
0.0291210164046604
0.0329195007249068
0.0201945688500599
0.0460564693220747
0.02611080726202
0.0522611924825695
0.0495189483437501
0.0640890636601193
0.0419177592550694
0.0258647701797316
0.0466923441210544
0.0675996673158627
0.0590382673087259
0.0697770575283251
0.0394487796288867
0.0596143094228836
0.0911636910848702
0.035872733395773
0.0684537458309213
0.0466409079239023
0.0663886762891768
0.106574325512994
0.0783599019103344
0.0467258862882366
0.0649270600485396
0.0389770156914061
0.0298120646175942
0.0585100174953288
0.0555164242430065
0.0537794786130255
0.0466723939807677
0.0603089519279587
0.0248841564621595
0.0435287642538322
0.0269660461201946
0.048180928506991
0.0774403580560609
0.0491219819328292
0.0349552896954407
0.0509373938731143
0.0479093829317032
0.0438914977156561
0.0521493571838822
0.0894266027117367
0.0777350423566145
0.0332077455135805
0.0276844413091251
0.0720043282397309
0.0454494768154119
0.0911365457042986
0.0572391493398814
0.0512845127681955
0.106703482899664
0.135383317939825
0.0556477972658111
0.0594213244271635
0.0377774717111514
0.0413648224166631
0.0869591398367954
0.0399543744035685
0.0366188077948856
0.0437464522397022
0.0395616605379313
0.0491754407932547
0.0663874086000121
0.0828550078432545
0.0524117883167014
0.0528593605599601
0.0401569614927808
0.0457642541727234
0.0648069942670147
0.100847555566739
0.0538784338186424
0.0655020371555371
0.0470334584336801
0.0525530567158172
0.0358723343650682
0.0460053144238245
0.0571758681580598
0.0576227553937022
0.0287256407946557
0.0419766395793699
0.0552352118769261
0.084037241218381
0.0333350877238729
0.0590016982552704
0.0514792371257407
0.0352786872272808
0.0497130581757167
0.0372829283268364
0.0473005057347074
0.0756146929017136
0.0195067858925364
0.04418383385677
0.00934317395027224
0.0571322021630543
0.0392258560132565
0.0583406995748629
0.0322625012199315
0.0365355684524841
0.110823638736589
0.0226372518924591
0.0687105381999798
0.0697490240810381
0.050708704239017
0.0896147935418095
0.0391241720583892
0.0722882531923198
0.0885861979286936
0.0391050837204718
0.0445028733785221
0.036073422003369
0.0594541921520491
0.0513593100696338
0.0293159798059254
0.0490376245842894
0.0695516182269723
0.0762187248771335
0.0543258231364196
0.0489474702825244
0.0821872693766731
0.109211463385517
0.0613444422588162
0.0634220933069396
0.0419373509207113
0.0598396323622126
0.0283204765220253
0.0861787486481717
0.0389630152119691
0.0422131733144609
0.0738274495417078
0.0581087604428396
0.0359967270385489
0.0577843451175626
0.0436263562374623
0.0692911113867009
0.0532003957467467
0.094415573290688
0.0502712977973186
0.0591194244721001
0.0641677824001394
0.0303545327985429
0.0436986931690455
0.101301569380831
0.0519426990579221
0.0394399583865958
0.058968484098789
0.0657149634384617
0.0804241689319343
0.0768245482298931
0.0660154250677259
0.102625418380296
0.0595418264776512
0.0660269828975183
0.0677747821154046
0.0690255959193628
0.0455900723423543
0.0753548505944543
0.0618572687403079
0.0443105765301564
0.0384601825396049
0.0627444175344973
0.041118490478825
0.054244372399369
0.0621570444860284
0.05118034902472
0.0996706630311163
0.0733144425636348
0.017797111935248
0.057019182890283
0.0673969162199359
0.0672982629187097
0.0633324091420803
0.027341394028239
0.046322867659946
0.0512487969045167
0.0887435738968766
0.07270656484904
0.0471115373259488
0.0507169722042371
0.0618392956346413
0.0200191374560125
0.0546679664754198
0.0227604002994394
0.0359199633774215
0.0430459106825927
0.061042489593718
0.0585689139463469
0.0424148354260732
0.0371589482979391
0.0767958196360738
0.053060255062788
0.0506754224466072
0.0802494520095156
0.0613471457294337
0.0855595004945799
0.0412212827376189
0.0439543485614724
0.0848784864296391
0.0555771679794202
0.0481109405516694
0.0637516755799501
0.0276073789997254
0.0682018563555976
0.0751099264443455
0.0519083739089111
0.0779391822400266
0.0642949013672596
0.0435436411290072
0.055726138711248
0.0813297226477196
0.0763866545495671
0.035414331603206
0.036213716558065
0.0477343750971576
0.0391816084162677
0.0399738446539405
0.0956176976872862
0.0667483080278638
0.0272582056947237
0.0469185749305555
0.0413580549584967
0.043549324644027
0.0830120854682194
0.0250834585370926
0.0128773069238342
0.0477818005778664
0.0623422330783616
0.0436948579231657
0.0612806284699595
0.0565526849720275
0.0472677122359636
0.0382446975865336
0.057226889919847
0.0455916972123231
0.0433635602569473
0.0578511043977408
0.0497351423803836
0.0302677096453815
0.093670284819644
0.0564201190576715
0.0678393551813526
0.0471733113693171
0.0727251557258474
0.0570269113311382
0.0651055857645261
0.044346242611465
0.0599317108911223
0.0728875011090633
0.0693529799564059
0.0186222912443038
0.00802674418097581
0.0418020558749786
0.0460327435935869
0.0827106355783821
0.0463331969602525
0.0361653384262165
0.0723329740424247
0.0630020541827116
0.083260860064082
0.102832006925137
0.027692343947797
0.0446133072086641
0.098516457287566
0.0440485911816564
0.0587046102370317
0.0489347131848522
0.063953144177809
0.0444077207351571
0.0494130788680672
0.0389831871964876
0.0664850018427314
0.058258113410567
0.0491647245839594
0.0544838382662461
0.0227227772547945
0.0360117253873361
0.0619370091671842
0.0288468721960649
0.0497704909121244
0.0496348542709424
0.0566303961583017
0.0316097534637068
0.0285108974593002
0.033552308021617
0.0290885053637994
0.0689241005085198
0.0364892459454064
0.0755310813519744
0.0314366914974314
0.062493397310282
0.0351360446776794
0.0706673922065382
0.0407150479865827
0.0561851996083184
0.0574239826037304
0.0260807162787523
0.0603548656099573
0.0180427755799666
0.0689731533797778
0.0467056135187736
0.044839980944244
0.051904751302589
0.0525437353606006
0.0255503876062677
0.052823345838036
0.0401179188491741
0.0665318612810078
0.0605172409452431
0.0852036341550695
0.0426203699409338
0.079115427137467
0.0569439084582531
0.0324960055819632
0.0710397714232328
0.0776959048341538
0.0623167883352761
0.0377025860817252
0.0517298595522245
0.0651667935962436
0.0862786479875663
0.0514004913883218
0.0176937093123902
0.0433018084953173
0.0755166513858697
0.0560133642580056
0.0374445997135742
0.0319409524502239
0.0609252937433698
0.036173299653272
0.0681740902290385
0.0553034087309746
0.0885403811614299
0.0544680599691861
0.0261890953031485
0.0530553999499108
0.0436607868613307
0.0659208611562885
0.0523285346788143
0.0219972143806066
0.081045761027807
0.0351125494735357
0.0359704759550131
0.0552289502699467
0.0478092504540266
0.0391367999931681
0.0451248868079213
0.0505781495199509
0.0439732135726889
0.0500681945416113
0.0426036800314635
0.0345906610522533
0.0622532433240003
0.141606485036804
0.0426368765475303
0.0961183296516564
0.0460023379127319
0.0115751073515161
0.0352260287448365
0.027724872733704
0.0700866114505571
0.052113865015746
0.0608685674549784
0.0799443841338868
0.0738217667256774
0.0556211486417292
0.0397658177061496
0.0463817739283321
0.0293997824554487
0.055381728372262
0.0596445430968601
0.0867760839320253
0.0654518798733112
0.0568575903466911
0.0513771250900399
0.0410395114106899
0.0777919914461791
0.0362143483578235
0.0365327158673106
0.0422520631418034
0.0327484448633694
0.0571101770976522
0.0975400348209425
0.0269057195010384
0.0424891825130741
0.0471743284186927
0.0499785731596496
0.0565477548308187
0.0734481320004763
0.067320916851469
0.047067226694236
0.0377887051061707
0.0573123570247727
0.0671399282080205
0.0618867326434007
0.048566620261382
0.124732158565874
0.0567435442436719
0.0650820609166141
0.0698435813287391
0.0668753412684701
0.0723008777883113
0.0369170819847638
0.0324544173218087
0.0715072102695192
0.0347527363461148
0.0573576185717546
0.0622066644805619
0.0285283111730923
0.0649950648230385
0.0428135752108873
0.0620813835282619
0.0579993817308136
0.0605219943023888
0.0602833239693289
0.0411235761593027
0.0585158425030659
0.0579400565771197
0.041259197010569
0.0508322829001992
0.0712981587193351
0.0639808061848459
0.0515721839493151
0.034404938748615
0.0455395829602817
0.0817535238982946
0.0605687930560444
0.0535912882693586
0.0339266656034543
0.0551284300809198
0.0774050366905207
0.0441365603633004
0.0324735309772885
0.0477701201115408
0.0249527049671108
0.0760683727878242
0.0379362139654561
0.0286270922212274
0.0316217770295813
0.0409436360782456
0.0529768741547264
0.0506983240983912
0.0587930413402302
0.0577279953143412
0.0315214450522571
0.0575995510131137
0.0271149415566351
0.0406084877912236
0.0310278119521906
0.0516021300355889
0.0503994187125674
0.0296493027285525
0.0619366393526607
0.0245823080205963
0.056927593709238
0.0609127967342236
0.043513542616264
0.0454036295253833
0.0718121395998899
0.0585019142032818
0.0694990010422889
0.0385110457036364
0.0834256622507406
0.0549182894881987
0.0583920913838296
0.0315482001966566
0.0481401519884715
0.0588145559302472
0.0463186667398894
0.0408900278859499
0.0854426230849556
0.0840748525025344
0.0534867104214728
0.077614858319892
0.0403064415695612
0.040573284182841
0.0383509503253696
0.0606330858609958
0.0467017406923934
0.0699887436299527
0.0611094851163237
0.0507880207696043
0.0300917024108006
0.0440119103588919
0.0344791286799762
0.0425937504157594
0.0358828953854111
0.0933604943816182
0.0591842152666723
0.0469018525343697
0.0515278274320499
0.0613857397478585
0.0368650078040096
0.0667710557358636
0.0408290485642528
0.0456450046169103
0.0663180485988238
0.0432089380970768
0.0504928466031348
0.0464700785353246
0.0679260616868117
0.0654100261930034
0.0671990132072466
0.0531743643467218
0.0653589378661632
0.0737868315782272
0.0306335057516488
0.0368627484157912
0.0391361531411386
0.0538303383665789
0.0609347587912963
0.0581281428138995
0.0304094398012246
0.0413312913950038
0.048333247742093
0.042093510650664
0.0443359881132585
0.0474373837547646
0.112447636957624
0.0554613645064773
0.0587335434191774
0.043881888950756
0.0464658023178438
0.0806526550665008
0.0303868223740944
0.0679187174899895
0.047261227370889
0.0492156214186515
0.0710072977643009
0.0720525861849022
0.0488853946245169
0.0988930804677184
0.0571276408678808
0.0402025861530111
0.0435090832940166
0.0279162983600176
0.0421054568567082
0.0255069774662753
0.112351740210756
0.0217835924771753
0.0638295607431821
0.0571609207160775
0.0418820552360829
0.0668520216841188
0.0582135668584021
0.0824604483374532
0.0259992177049806
0.0380785345245553
0.0470239759705207
0.0231452697160678
0.0420603255057397
0.0396495854290927
0.0171045000962318
0.0935200854796151
0.0608326046213178
0.0316936095491075
0.0483173799255555
0.0614968417179764
0.0825693776968879
0.0233098537082213
0.0681491776309014
0.0525034175822161
0.0692611880181296
0.0429951371517436
0.0536219670584014
0.0472611563192489
0.0443261939477766
0.0439981770730007
0.0433769093273181
0.0495485481599856
0.0114646807644299
0.0347091575211283
0.041845261405823
0.0690739369153369
0.0737856009816448
0.0587849972867274
0.028866629552614
0.0572109496525826
0.0483292478612023
0.0748210860605736
0.0605288158072528
0.0664382456018555
0.0388250230384458
0.0174185988530009
0.0414167732906126
0.0442750162021075
0.0339325317022809
0.0406724534100004
0.0586386666562964
0.0774032908209579
0.0355754012619186
0.0356940212792993
0.0674366072271811
0.0500566153579186
0.0514517630704902
0.0567027461489383
0.0689754395708521
0.0412127666313048
0.0507412819110394
0.0310526671657374
0.0443307987369425
0.0521140327712061
0.0376427797086895
0.0554916033832088
0.0242527738875871
0.0521866986930186
0.0815831092293344
0.0401580184833586
0.0363577198561796
0.0459573986735789
0.053208742883578
0.0415888919767065
0.0584330969158054
0.0449287888491255
0.0693102406374691
0.0561982510239564
0.0447831456447254
0.0680725909969048
0.0346724478188231
0.0771320974928127
0.0436000793911585
0.037284218198536
0.0339203100146406
0.0682412503510686
0.0841645277831985
0.056254609596599
0.0480485640875744
0.0201732419579861
0.0413338705533651
0.065416776613011
0.0809672046919417
0.0399637293606824
0.057017375180415
0.0349747848899991
0.07831276885115
0.0582223306702691
0.0570193939115526
0.040365337526548
0.0562200909618435
0.0374965078442964
0.0382093206670823
0.0627876082239041
0.0545013756048824
0.0386615349139929
0.0735449495571562
0.0977053258060758
0.0567678457035033
0.074225159457118
0.03148494853759
0.0468985521955842
0.0345109359214279
0.0547576058832179
0.0422536430154133
0.0681440394426404
0.0817057732328277
0.0518169308148919
0.0480648588066128
0.0534827352538164
0.0314626483173473
0.0994870385255043
0.0474756712343329
0.053897338907512
0.0744386716991793
0.0309664583855597
0.0632286773804367
0.0423630591299735
0.0434608064762695
0.0365379608729749
0.0628586100179176
0.0368472848308092
0.0401512958342874
0.0452818833325915
0.0618112636664791
0.051341228173292
0.0505871527402565
0.0494047270921626
0.0476539647141763
0.0814202722859428
0.0521582360623746
0.109705560695726
0.0966166934170926
0.0297701551057342
0.0271120933862084
0.0586861045488603
0.0303242385938364
0.0309087876164659
0.0319108377925478
0.0447438702378073
0.0616206335428316
0.0239245060556002
0.0497859768147748
0.0683562488857261
0.0189574530240511
0.0323821834676122
0.0166258253950703
0.0550129883182409
0.0527131003614303
0.0627529449454877
0.0526603147359045
0.0419806140320329
0.0439295622926952
0.0553552391674329
0.0310953246309537
0.0802039549425938
0.045301512854395
0.0353094871751569
0.0606548776499578
0.0568486929723707
0.0652931692667152
0.0625215222310528
0.0231072971235953
0.0256778911214525
0.0371787211831111
0.0559812797436116
0.0490301186371504
0.0479312984156166
0.0570148757041738
0.0801233110063799
0.0410989715993248
0.0685653530000653
0.0678174406824192
0.048185442182211
0.096179233536092
0.0697513894371307
0.0511666531173181
0.0669770765004931
0.0773458059671594
0.0281722637595179
0.04402086775241
0.0548609796656334
0.0480414236489784
0.0394750233530385
0.084068819113377
0.0512819895748988
0.0601149438490141
0.109653325601851
0.0320280321820105
0.0460990771715075
0.0442718625853905
0.0692622407785577
0.0372749091618824
0.0344596210105366
0.0290670639746978
0.0906760651738866
0.0609989257024915
0.038151286742512
0.0449678490108695
0.0695150549005868
0.0585765677023628
0.0409722254391573
0.0698255408745265
0.0445918464250539
0.0526381281038078
0.0426351018170962
0.0223525418110021
0.0222889524231459
0.0959011178041172
0.0362836481925889
0.0572871783814
0.0442155770413082
0.0506218484201015
0.0470291459176449
0.0325567093670457
0.0711837585062818
0.0549979930131846
0.0808881520092802
0.06238041518478
0.0438524481469482
0.0706040301704914
0.0274099766923704
0.0556218099646337
0.0370014882403349
0.0339293565655502
0.0304603283211008
0.0519511134009117
0.0947069778493002
0.0414927836430306
0.0463434158824942
0.0634689762832221
0.0556673217524995
0.0741747641910765
0.0442380667457031
0.077877579577556
0.0289897291978334
0.0659473651545786
0.118426875823548
0.0246236425080482
0.0346981707024303
0.0100678978716744
0.0377057212728659
0.0293951417714098
0.0420056125987118
0.0681442585424091
0.0663453794712313
0.089608595865647
0.0713138783847813
0.0606665407660117
0.0341320958828409
0.0527291982057372
0.0403275156892669
0.0586502299641416
0.0513807298896149
0.0661421777559943
0.0278543958978281
0.0235077404008353
0.0557663899536262
0.0511988998383411
0.0793034397430948
0.0189253482192839
0.0563615169760898
0.0839945612590409
0.0440169525450575
0.0559751967846088
0.0206093238382282
0.0309754373262492
0.0582307967856013
0.0428309382085136
0.0497147676117148
0.0480280691002936
0.0258519753619044
0.0623903013965711
0.0397591527515901
0.052616536946809
0.0547997042216762
0.0613596142260164
0.0614299667811268
0.0799705921851565
0.00563189971957978
0.0757361632213144
0.083998532304174
0.0156723639751238
0.0857026869639129
0.0202085665779156
0.050402590592032
0.049346885548316
0.073364324901972
0.0175854838540311
0.0590862965387812
0.03840658957366
0.0558106546674474
0.0892537109751661
0.067547664710594
0.0590100411999664
0.0310992752895948
0.0623749415359724
0.0608555679357818
0.0674795621273881
0.0700640138591175
0.0350318264729072
0.072568422815614
0.077423570225196
0.036541941922816
0.0628020612548061
0.0783106644614939
0.0356928301155854
0.0524226704685472
0.0407115620265203
0.0479589009717641
0.0497999725485913
0.0490881623301138
0.0344396121961663
0.0426045648286174
0.0587105500568334
0.0425319939419334
0.0560174113036114
0.041907615554324
0.0528549913039782
0.0873214516555838
0.0207069863627989
0.0221685710541933
0.0322053524691308
0.0654726680233405
0.0873602911143025
0.100855775336876
0.0581440050353843
0.0350950480103643
0.0520838817387426
0.0650492184113782
0.0710224120983842
0.0443632340004212
0.0651233547735653
0.0626732907873279
0.0413174256201489
0.0665159396387798
0.0623734580979511
0.0641036733759184
0.0195697602400995
0.0466634297029689
0.0663159044582952
0.0612073033847447
0.0403825025826604
0.0478538322861478
0.0349999631997552
0.0504413158053129
0.0601699284222991
0.0330564930029788
0.0472630321803229
0.0824062898196378
0.0821749071524305
0.0306770614903654
0.0701425119628413
0.0870844714588148
0.0602352044499149
0.0692375091723834
0.0621243267942753
0.0344089283814912
0.0275656138954444
0.0506002423009823
0.0546676064999472
0.0361795883090432
0.0775493958927475
0.0628532318459203
0.0808849591610468
0.0578686941265313
0.0510161676192293
0.0601894329252651
0.0354201267521209
0.0598878605630233
0.0694914811786767
0.0999182005888573
0.099110894245711
0.0645983704587371
0.0567255597180801
0.0457166839799569
0.0217491488812905
0.0510348866070386
0.0646170418896422
0.0534298214742912
0.0437398222590402
0.0676995447037722
0.0585399357558882
0.0450711413059692
0.0896311252991159
0.08698040418043
0.0234590817810592
0.0336812883502433
0.0478915021669766
0.0508005572877564
0.0168903588458507
0.078518506023006
0.0382836739326624
0.0246518753670349
0.0533050443147392
0.0311023588720395
0.0428681062420059
0.0433322951554952
0.0666750183584251
0.0861461617708568
0.0655414806409282
0.0402861552138947
0.0571534071521933
0.0507526731522259
0.0554488735964965
0.035758825484215
0.0342655423281555
0.0307063018491984
0.0704402587412879
0.0407275362893529
0.0364570504248135
0.0221341350635352
0.0576245232315805
0.0310098092297716
0.0522656937730293
0.0643311999793476
0.0477854604610691
0.0530089435115956
0.0323881991319063
0.0499345732445833
0.0727263080195608
0.0243622838842183
0.0923798154878236
0.0751036329495124
0.0489598598348366
0.0501834464156603
0.0676595816206988
0.11782253039859
0.0418394700803828
0.028953285444271
0.0426625340844916
0.0667423864876188
0.0411520881306001
0.0462153567379025
0.0688799001914141
0.0650146573743352
0.034208313595707
0.0632453488222863
0.0692943524686557
0.0474019495259583
0.0240304050158143
0.0520310777833519
0.0692662640525121
0.0282468145353913
0.0961240671708626
0.0483495143415861
0.040995267450492
0.0628366771964852
0.0823474470627096
0.0487683428718718
0.0544763075735167
0.0571516244413534
0.0430769277181327
0.0677501517898994
0.0457725722539198
0.0436249998244631
0.111881901119361
0.088714697488147
0.0410449523821352
0.0237016329220959
0.0312370104005882
0.0801748282103686
0.0808202624883117
0.0429578681976874
0.0811066569707976
0.0299909800195418
0.0380605739198772
0.0342281870480597
0.0596744325760881
0.0598576410829605
0.0547215194310887
0.0513330773024096
0.0312864142102023
0.0303580721586138
0.0458634017658034
0.0903007171415844
0.0347609562710112
0.0677131146889405
0.0683043207101928
0.068566786998493
0.0236221397090063
0.061791129293605
0.0603635092916166
0.0406540185532572
0.0754762155396909
0.0557358605880029
0.078802605401438
0.0545738468786762
0.0581711707018763
0.082182383115935
0.0323940359171129
0.060819204979817
0.0382412179321604
0.0902391520679098
0.0285416156499915
0.0629236497526786
0.033658625738458
0.0527459489288417
0.0467037313586251
0.0683618368445005
0.0413429134863492
0.0668166538555616
0.0296758893658702
0.0711918643677808
0.0492855837330125
0.0803094164128921
0.0492402485401519
0.038810942999369
0.0376470392938862
0.0515772335717886
0.0332994512205622
0.0356639231753378
0.0555169385878027
0.0368098888993145
0.0764755457305438
0.0332810138838212
0.051884409855825
0.0620634697301696
0.0283364515274696
0.0642590879113147
0.0541274877300622
0.0459882114309105
0.0503135609917199
0.0336781296173399
0.0415031964834468
0.051516082961157
0.0661384980502686
0.0320448353351867
0.0473953812037064
0.0606293768237654
0.0629528344499251
0.0497371708899147
0.0588842131812293
0.063930010061661
0.0507356825742026
0.0569059471697132
0.0756820362878537
0.0210776145664731
0.0353624123251192
0.0403802121490537
0.0159142322254451
0.0499256827185258
0.0391349107510791
0.0579406022237385
0.053558903149778
0.0444383729083065
0.055509006961947
0.0912892162883527
0.0695245754644096
0.0552311651231105
0.086023601711003
0.0474659476407641
0.0731732389656992
0.0540622677266764
0.0813708815533733
0.0472865215323978
0.0553408679778606
0.027899965469969
0.0594651505493685
0.0518341321187294
0.0755994371028758
0.0583253883733189
0.061428594886675
0.0666579572466724
0.0029255620928208
0.0420025197729171
0.0283974234814123
0.0512403875801661
0.0384469398381154
0.0291892606776309
0.0356455731635069
0.0495809654592751
0.0473687097813217
0.0610534790647342
0.0270463233131843
0.0263348916391053
0.056592757241316
0.0269808175331242
0.0609619267317275
0.0457532693514218
0.0927943764629225
0.038377538278182
0.0446317357149595
0.0503367869775472
0.0369650093459872
0.0721669223328138
0.0362971289486435
0.0637539858308633
0.0518378550242302
0.0356512754469064
0.0730031740918945
0.0787644427879295
0.0679865448676587
0.046348172277032
0.0698835821239221
0.0522814264518643
0.033950174240614
0.0197896947880144
0.0898636267560245
0.0372712424238241
0.0778965425393174
0.0491100450185984
0.0353614270449441
0.0731007171640992
0.0558745246495303
0.0500847319751069
0.0427352158506341
0.047714155675599
0.0743965565495957
0.0671893279370545
0.079748986886037
0.0618284048525658
0.0695236637663976
0.0882823077995533
0.0730188686389751
0.0526895316984088
0.0305083833905995
0.0378224927035981
0.0595850495296764
0.0776751043108427
0.0373000223654399
0.0567158495533974
0.116828571775673
0.0453521366027125
0.0547473175663652
0.055776419415674
0.0544119170571684
0.039168535454925
0.0523974207882821
0.0724409032497254
0.0482108790454997
0.0506983815734948
0.0489917093233958
0.0215206513880301
0.0364905509328379
0.075302850547558
0.066038304682939
0.033885859404858
0.040316086786264
0.044242662689272
0.0689887226486961
0.0586830701241476
0.081311460175578
0.0298626146817403
0.0641607295948382
0.0368262851245139
0.0783228245513232
0.0518133429654423
0.0423471334564894
0.0413723287272885
0.0405692371018925
0.109268288513352
0.035347712160717
0.0311483252392525
0.0453742688949393
0.0487916936871061
0.0713022690656002
0.052892814537943
0.107493959056948
0.0343057648815348
0.035614934123474
0.0813388652790409
0.08054871928762
0.026595557767202
0.0557560237366299
0.039141815391957
0.0649734492537064
0.0411555198930277
0.0718502275088361
0.0600284265291967
0.0663885618028191
0.0496859725799294
0.062328484964566
0.0160557833511714
0.0447489435072772
0.0542275162663822
0.0658887603363321
0.0446685424196585
0.0169920295653506
0.0344962735941631
0.0285144225969595
0.0285680352300203
0.0575511949296276
0.0539101582436549
0.088413909020087
0.0580471641668223
0.0287629868792704
0.10753905535707
0.052386759925377
0.0483613758091337
0.0368562877212003
0.0374260667920523
0.0367243631055314
0.0446879328015004
0.0551824148293152
0.101578155449398
0.0346829839150951
0.0648225174858733
0.044007485919033
0.0632447420769985
0.0753497122140332
0.111396917628902
0.0559707214258598
0.0598038821822626
0.0425788718618009
0.0623352453525844
0.0854428918854385
0.036121653665483
0.0391537937145044
0.117743840873267
0.0692450797772551
0.0410054837006333
0.0234237607280461
0.0479883974627855
0.0686540913767519
0.0556630356958069
0.0506616857221834
0.0512667303288066
0.03548698825739
0.0325093438522635
0.0280107776415038
0.0330265687047824
0.0616865238247631
0.0460651663672721
0.052249044370165
0.0611442534323676
0.0291473052570516
0.0624596727094916
0.077752914992919
0.0286292018955652
0.113514831403702
0.102043781328983
0.0404275373046552
0.079199873906838
0.0836882922777832
0.0441373301089425
0.0842617308873311
0.0456640067273791
0.0407175365414109
0.047401733832152
0.0507922411981808
0.125854080247598
0.0708478232254928
0.0297766840978081
0.0398824951146589
0.0686402559784911
0.0546246816933956
0.0346732328678519
0.0350785615726269
0.0809588337565673
0.0915488634097145
0.0699051539544224
0.0475266317244142
0.017816721973188
0.0435824577856093
0.126834108751398
0.0490134695296614
0.0585066989106603
0.038616291565972
0.0398811622111009
0.0469764829496009
0.0443014624432889
0.0616093139782843
0.0307286294803379
0.0419409959696578
0.0742001394616077
0.0402037390844364
0.0532792372011783
0.0382432781262924
0.058048403108408
0.067039527609914
0.0464307424261327
0.0412602150277838
0.0778063946525089
0.0426413472895265
0.0304260440167509
0.0214933267832977
0.0417496893568712
0.0299979864984493
0.0487577325440664
0.0086987416731634
0.0615602762099024
0.0411296060896452
0.0604484388481438
0.0684308831518361
0.0569044912301038
0.0270947878416369
0.0314292958467582
0.0323977618304724
0.0615802884371353
0.0797822615439614
0.0731291202823813
0.0770023060314864
0.0443113774676132
0.0530928747095596
0.0711713715189952
0.0626420804475885
0.0540809734507137
0.0332579229195691
0.0339030924665839
0.0439725000375709
0.0596114899269029
0.0690908877214086
0.0654918581280994
0.0511116254683188
0.0512792461724461
0.044430412754639
0.0505024189309033
0.061337763198037
0.0413018473156191
0.0489833362638508
0.0620610107637434
0.0526561906785514
0.0656670742802208
0.0489498803664607
0.0525110011022378
0.0684964190880021
0.0671253621855171
0.0374806359820278
0.0469342989578565
0.0701079570398997
0.0567674102647521
0.0421408460367012
0.0655914223461828
0.0632527181391322
0.0456884662544949
0.0477305081040878
0.0595600524874901
0.0545695995117685
0.0667669144710461
0.0295318880602982
0.0312855466192015
0.0334815865075797
0.0560328594883535
0.0319003059039713
0.0618028528358559
0.0260471270936073
0.0318893234294122
0.0222550168452788
0.0614013573362877
0.0897579062821527
0.0582029406475646
0.0442205115022939
0.0748910613575713
0.0567994843051934
0.0642334758794138
0.0479247439311746
0.0922289437981779
0.0451413616386355
0.062141022011408
0.0560966772385444
0.0503719425327714
0.0434209068961967
0.0924880710458532
0.0284341069624874
0.0376676456275977
0.0898493668074097
0.0261471670813712
0.0510047255916929
0.07113419127588
0.0596548527250662
0.0413841071546454
0.0812809008925417
0.0429018180788827
0.0390797870027084
0.0318904267104625
0.0383301053141916
0.0450645735298937
0.037604833849578
0.0626138010612048
0.0398632833756706
0.0897316453851851
0.0553135750586593
0.0517456755749808
0.0615357000315158
0.105022167433444
0.0511115479074489
0.0302845863192044
0.0436285603146959
0.013656592146776
0.0505798729723271
0.0189855004098405
0.0510847744411192
0.065045135184721
0.0508601561381687
0.0441620807256694
0.0423563044436814
0.0547264953064742
0.0906242445190033
0.0874894432235141
0.0555780150756528
0.0504649341868361
0.0696038377837895
0.0683434249224839
0.0560722744028017
0.0394187132501881
0.0479994781893472
0.0435377655352884
0.0869298142115493
0.028259556689852
0.0531687822055928
0.0607751855438402
0.0483314711114434
0.0637036669342167
0.0604554931351945
0.0467923628767317
0.0431062070746349
0.0653784356303266
0.0401333099731053
0.0503457371345813
0.0555469607806459
0.0549749752348938
0.0535413026446855
0.0311730908939503
0.0489763444018047
0.0510982277782289
0.0676716223551362
0.0609909374966619
0.0201378507950467
0.0834408866685018
0.0538913648781979
0.0308211106994945
0.0435798256555668
0.0522481142028821
0.0297155123488687
0.0317550533996497
0.0541317146721509
0.0311509474352935
0.0468371248058514
0.0316415392167528
0.0758202568286924
0.0412083205142063
0.0471471432275123
0.0548778160340001
0.0570835963456447
0.0608214939389587
0.0555987242607916
0.0457836736897932
0.0186706220464971
0.0935631637939399
0.0301860181702527
0.0403283545866704
0.0249063404239363
0.0674882411579207
0.0650978130658309
0.0276193512577161
0.0520849292977003
0.0641988644270558
0.0586017497281729
0.0505890538219772
0.0624842285027448
0.0161659928722599
0.054008098656063
0.108493748707266
0.0734929862584873
0.0249182880937725
0.0507178934777049
0.019835137232616
0.0544549978977759
0.083798245696395
0.0358736271202864
0.057527208538082
0.063146502405631
0.0597614047119752
0.0601993301200106
0.0373804525208676
0.0425133361314094
0.061791841350872
0.041049957745693
0.089705594200817
0.0763620288273737
0.0356747795841649
0.0426550529572518
0.0371315288776768
0.0368939052323698
0.04303894699347
0.0723490575947701
0.0608812924451162
0.0384761323596577
0.0505086256770335
0.0561541178283083
0.0378440445846866
0.0365720697044472
0.0285081533601395
0.0594776463970206
0.0512994442020762
0.0692729481255966
0.0365589913673763
0.0961826607606228
0.0754710339034166
0.0490100157431125
0.0526219529335152
0.0284249199979378
0.0336790222444045
0.0510826220648592
0.0413171842899675
0.0571909673539164
0.0774949368269087
0.0560537489190258
0.114084285092243
0.0474599406841437
0.0648333895090784
0.0561118087314671
0.0620940272153474
0.0808636484548597
0.0420378837837984
0.0391667931921337
0.032318669832972
0.034779615317655
0.0695593031040544
0.0413141642592698
0.062459816146748
0.0238996010419622
0.0616242181204473
0.0370009290474652
0.0465701741029416
0.0508210842074822
0.0433268620418796
0.0609091856454926
0.0481625910223877
0.0198527784533824
0.0340494338631246
0.0514907843306816
0.0503690861054779
0.0405823587937919
0.013403111903771
0.0815527873579223
0.0653856016492994
0.0575033661276239
0.0564503589151527
0.036743664657322
0.0488179765776204
0.0635646852440867
0.048625687126518
0.0526752094978983
0.093303721213711
0.0324639528903876
0.0380304491938503
0.0392963483226967
0.0529529279617384
0.0434522835247633
0.0524243557267918
0.116785983677706
0.0814016260048659
0.0268412015004105
0.0472322761204786
0.0396014355946101
0.0817880178685844
0.0328350433967398
0.0458352615940453
0.00398103760167361
0.0566711996248857
0.0341342099270603
0.0273562683972531
0.0560021063759042
0.0534452228293568
0.0271735363046213
0.0779114291170062
0.0477304911827311
0.0517120130604658
0.0480245455017025
0.0292650131149138
0.0475325338209067
0.0634313851111094
0.042805345788288
0.0398622441411164
0.0344690577610477
0.0230996974824211
0.0611063170848823
0.0378339417492931
0.0475684703652084
0.0414167670275562
0.0316404584158795
0.0234078767590606
0.0804566511314175
0.0502726102457032
0.0721788845291924
0.085732006755999
0.0923108034069589
0.0238393518315286
0.0246746834550954
0.0480548647616842
0.0515164314636887
0.066658018352475
0.0786328343075464
0.0904985399245518
0.102012742841447
0.0323003786729649
0.0341151678009854
0.0542836015443408
0.0140625359052835
0.0673510075554977
0.0414095570971562
0.0215248237746172
0.0800929494133245
0.0701722969776924
0.0448625620442239
0.0791017050045327
0.0416910250122721
0.0647999317803169
0.0452445563185531
0.0431496539776734
0.0412431435431163
0.0450063757328259
0.0462244235824628
0.0643071705714251
0.0748933970992643
0.0501226470367525
0.0524676269310998
0.0529510223717811
0.0333157763366876
0.0533088469001376
0.0700954211145606
0.0849249658503682
0.0775350021315467
0.0574605986822724
0.0440201854156626
0.0503510531487651
0.0778572591903853
0.0521479292500647
0.0604533761821167
0.0302282783570731
0.0630860129372371
0.040171355971572
0.0369213757235151
0.0590629524284623
0.0961950899553506
0.0551581696386226
0.0480215890657018
0.0210546793091363
0.0551207962603186
0.0360571327097674
0.04559070944137
0.0380577199137169
0.0375392697465847
0.0297402899467356
0.025303628346666
0.0492682622277144
0.0468392439119772
0.0348436995210676
0.057178926106267
0.0655295415190524
0.0673633702262045
0.0537268267833952
0.0426952610554422
0.0551364040752012
0.04847671210056
0.0471290900569981
0.0626494232556311
0.0413271485749984
0.0831619890530284
0.0633149328802933
0.075431638566287
0.0769184959265777
0.0453994585174021
0.0845394165445978
0.0448799341917926
0.0382151617574162
0.0366619442654851
0.0277771600982571
0.0541953865632217
0.0604120154639981
0.0899133235902987
0.0466957161952392
0.0651160766680541
0.0491560696897993
0.00880410751359513
0.0522883404579817
0.0480763415371259
0.0431456518325222
0.0716350648619609
0.0154036373790088
0.0746406676430174
0.0471472062929597
0.0699402654806469
0.0625647493637813
0.0413684940805902
0.0959552385428007
0.0754410312690219
0.053155666629019
0.0320044504093057
0.0750571215774184
0.0626837194922547
0.100167704489258
0.0473743147906226
0.0360853144063089
0.0787603369658697
0.054031654386582
0.0799394148141256
0.0323288814189814
0.0512354755915832
0.0306155401099712
0.0622178775170639
0.0406219331546692
0.0269755751248489
0.104054242856987
0.00619578668855554
0.0333936861119488
0.0885610693559352
0.0418659295067214
0.0985939924241083
0.029329968806261
0.100949891414616
0.0565730489308485
0.103778639372086
0.0614362823893892
0.041718927473081
0.0418034959414339
0.0519957683045873
0.0748345509151397
0.0153816744871505
0.0746631179692795
0.0575472341098374
0.120178919026698
0.0456951796076057
0.0410748876611141
0.0437442156031659
0.0313293967400744
0.0508962633979455
0.0371125146495813
0.0291114596616676
0.0777215629178454
0.0793030627625415
0.0453167585390912
0.076813647161834
0.0363241872938896
0.0446172491947223
0.0404982060576253
0.154353138018196
0.0570711723852114
0.112990132603812
0.0787466954179748
0.0688352453543546
0.0602466471874488
0.0653387832973267
0.0727336930949685
0.0544534384187839
0.0490864067847069
0.0422654465615139
0.0438996594494933
0.035744484835816
0.0832145648719126
0.0488113737508727
0.0581855848705214
0.0488387972737977
0.0568556120129161
0.0689760376465527
0.0999410436197484
0.0250258826572675
0.0523995708648224
0.0505295672368403
0.0503444513536584
0.0618416151551521
0.0607074874105376
0.0542982319703476
0.0344610536697966
0.0226124993223415
0.0500451964458556
0.0382845427794619
0.0694064581357815
0.0593336593101294
0.041210785490773
0.0593749938802204
0.0465586779311007
0.0738220385456696
0.070139204015265
0.0388520728585005
0.0540544687110089
0.0848815860187785
0.0547090386218586
0.0391068210913821
0.0540463522234662
0.0467878487324834
0.0406178320641513
0.0213522919915873
0.0417355030339693
0.0549191732588163
0.0375283359853158
0.023470942210248
0.0620505514315483
0.0849473111993143
0.0488077396955584
0.0503546392115893
0.153201119162463
0.0648217194663055
0.0497481444302456
0.0340917761069026
0.0874083803466463
0.0243858595097339
0.0657224083654829
0.0434400995112187
0.0387376457734487
0.0346047800215773
0.0393105869327761
0.0778829858774466
0.0778443059459858
0.0603810336841262
0.0420335852818774
0.0641565002911697
0.0701912997811972
0.0290703825381866
0.0225123438566089
0.0450364942023623
0.0598296914687168
0.0440861589329787
0.0503980923569667
0.0598504719288591
0.0622611715600396
0.029065353978165
0.0577623885945281
0.101230579152702
0.0777551358664959
0.0917640493889237
0.0447274535271675
0.0428337324252619
0.0325159276573146
0.0468075329999382
0.0486665867559589
0.0744050382217512
0.0705667986574895
0.0237475973644731
0.0180036591872991
0.0415226083141406
0.076196611356068
0.0263384211041885
0.0306614233473303
0.0746960905941691
0.056744121359947
0.0606207638514839
0.0457297558853409
0.028457411096828
0.056099380519798
0.0326366198115102
0.020897967026869
0.063620391489307
0.0608284651943082
0.0488635313487072
0.058122657067374
0.0354688540483372
0.0606160676585387
0.0509564123315896
0.0481182697959069
0.0903271850054097
0.0561673968923978
0.0252351872243196
0.080414383102618
0.0407763389654361
0.0561520485112355
0.0637453798538527
0.0477034925115975
0.0596527516350179
0.0710236707619631
0.117453929709214
0.0645255664730667
0.0491787745272416
0.0468041560297442
0.0246214899984993
0.0448121384575941
0.0734241752936668
0.054095058007732
0.0784973422077588
0.0275590023074644
0.0301757888129359
0.061396855905643
0.0518941202724737
0.058454615976174
0.0802852731029874
0.0555489441492119
0.087806256135338
0.0556757434235668
0.0507329706432877
0.0427538055850434
0.0279961857352262
0.0472761329306917
0.0544005145077123
0.0570028241598921
0.0771082204805369
0.076792874914474
0.0422037873915113
0.0714725803226021
0.0352776926046894
0.0851984335457036
0.0453931536680215
0.0564580832042495
0.0650279546232398
0.0363938505603696
0.0627612232756874
0.0322809736569896
0.0493055253022439
0.0470897707079353
0.0198870134434928
0.0566039098934983
0.0928924063059386
0.0377213020373225
0.029689792196706
0.0274640462540353
0.0159697097584961
0.0600812758742542
0.0435954509781454
0.0748976864802952
0.065695887979211
0.039581085807475
0.0597565230574235
0.0489547531437078
0.049535277422048
0.0582131049648307
0.0357622848530198
0.0914044315598238
0.09201822876491
0.0331274666914745
0.0313781368253409
0.0535500522084063
0.0354181939554382
0.0839396705682728
0.0530891003985627
0.0259895752914538
0.0590803560187032
0.039051753783906
0.0525023972777179
0.0585495947330713
0.0635033869482533
0.0305973284549061
0.0424809785005991
0.064244805737802
0.0456316040607614
0.103454722902594
0.125729157632228
0.0479508939991792
0.0507346756969391
0.0557381035156873
0.0540261817305443
0.0283042382620114
0.0720422003733995
0.0434119911140024
0.0711781513628332
0.0911788596667368
0.0393017247309702
0.0448959454086843
0.0265847272333388
0.0396871339773081
0.0531844831834363
0.037848859106467
0.0450288030228533
0.0505498357761912
0.0320956739329077
0.0786678896530045
0.144637416603287
0.0678890109054234
0.0692851649690554
0.0660815936922389
0.043545543463886
0.0204368694952776
0.0501179819219824
0.063787011698548
0.0488645433764241
0.0732099205817725
0.10754542173842
0.0785566811112371
0.0914959119500077
0.0482881405771923
0.0471515141773605
0.0331776220746335
0.0660987840792017
0.0506507133450737
0.0721755138861419
0.0739524718732572
0.0409055439085788
0.0871844512985498
0.0506758771377584
0.0476514621378277
0.0165049384447509
0.0460654123053791
0.0518339783725368
0.0212703410919104
0.0407926512759409
0.0517934456140904
0.0458528318318591
0.0334295161401994
0.0416638347469435
0.0658708402206899
0.0474448020530162
0.047872953395877
0.068170211948503
0.0980996748405113
0.0210108500105223
0.0604023705055237
0.0491251373293199
0.0280040201442472
0.0448903260455809
0.0510220749377546
0.0628815319511569
0.0367451804234261
0.0633934403106307
0.0362973517157676
0.0414323898049467
0.032497872322169
0.0384916367366914
0.0914839793436955
0.0663356501369473
0.0408502123070582
0.0866263368819665
0.0290428667338596
0.066426608315096
0.0516255082838274
0.0376560848530533
0.0798435932758436
0.0489786239857644
0.0791817300744555
0.0579827055242481
0.0482474856750427
0.107407975468716
0.0299568573594306
0.0424561482242138
0.0626097039262103
0.0605885521740509
0.0403570443031578
0.0847795583443261
0.0895900536095466
0.0464411958125407
0.0419860109188931
0.0549560907284312
0.0226746402063665
0.0505447664126882
0.035127948054844
0.0274261050436553
0.0317006856406126
0.0359670212771224
0.0525804679903935
0.0660006670192835
0.0337400881371918
0.0664283289221834
0.0466727401311495
0.0451117105817422
0.0597662226114829
0.0746244672377134
0.0654843224912722
0.0132998243246983
0.0649055288315577
0.0858552756972083
0.0571069886633702
0.062132463923011
0.0367690571354045
0.0722474343592301
0.0518036241253465
0.0303458838316503
0.0624460584357287
0.0661447610036719
0.0855005618911965
0.0509784674713555
0.0615923556267409
0.046019493182752
0.0391906315146966
0.0692238224313911
0.0273927147701789
0.0725655711940347
0.0791280126328812
0.0650871472487776
0.121991760475844
0.0742006200879489
0.0556110149184123
0.0457971214651485
0.0437711346147651
0.0753067607825038
0.0135056628292563
0.0910625027202342
0.0633129825154249
0.0638946123256627
0.0539955011247303
0.0271806040143047
0.0582598491780885
0.0674565043772789
0.0758028965459856
0.0435253297447088
0.0320794140781567
0.0348120192759746
0.042492059420776
0.0389601812278858
0.0386843941238559
0.046321103942606
0.0838244391961916
0.0336756332718642
0.0640693976083413
0.0261556703323498
0.0551050079390058
0.0417369907489562
0.074034490473873
0.0441922904328764
0.0375563428890373
0.0655847114063742
0.0417433122236904
0.0490879996359435
0.08472986478789
0.0456034973167833
0.0483279713394299
0.0560215573221488
0.090308549041037
0.0253433909786585
0.0881796053722183
0.0367746931422501
0.100109461768521
0.0308627904607199
0.0535788129163842
0.0540330150570037
0.0418709482456823
0.0692186724354645
0.0540640926854135
0.0664728855774193
0.03680081329032
0.0406500950585456
0.082884039814552
0.0544402049236498
0.066392443901008
0.0275487434521311
0.0656793669856031
0.03904148898397
0.051671066606995
0.0616863400352889
0.0409431855922188
0.0576954907428555
0.130075148832321
0.0733048121890799
0.0343677505682099
0.0558106380277792
0.0363004926774209
0.0933046412655013
0.0645625926394997
0.121053860537394
0.0534066688813677
0.0970099606786941
0.0555337303177408
0.0366735885273842
0.0453900874762871
0.0525106543962818
0.0331049746042929
0.0405138180728329
0.0337634962861052
0.0471104398993036
0.0485445870720361
0.0373101165369164
0.0626121513216632
0.0414449574761536
0.0702343326609953
0.0793178908310415
0.0437875438939587
0.0522326667340201
0.0750506427349202
0.0402887444845755
0.0301953114322888
0.0461616150067166
0.0557897966121577
0.0808177011087568
0.0516838968350852
0.0274798311449189
0.0897315007985481
0.0624938309694159
0.0556935179950104
0.0418101959693004
0.0825473534468922
0.0507175636951976
0.0677397003880828
0.0577300495850152
0.0568265502758609
0.0529342013744706
0.0638979695757374
0.0434978525084383
0.0638747405926546
0.0611923138494447
0.0721161328563787
0.0422820930638204
0.0460937402863354
0.0546720793510357
0.0593437256817276
0.0901916666462331
0.0777045533257136
0.052235343781319
0.0768417743593372
0.0448537318484849
0.0509750692616986
0.044622015238094
0.0667019029988407
0.0549190597454543
0.051164381539297
0.0937783334281676
0.0558864003070215
0.0612286804855602
0.0345375204897469
0.0236110173976633
0.0422208789458117
0.0327899111812923
0.0288700531644916
0.0802302932584125
0.0499487066234769
0.0347637983081699
0.0654100960564364
0.0446360975238667
0.0413334896584427
0.0785684395775609
0.0296189490907913
0.0337699967226085
0.0379121466722669
0.0874391764459578
0.0533511475586653
0.0611967411676344
0.0356856650066054
0.0604107894688327
0.0452905393376731
0.0262882781938072
0.0947322779942184
0.0377158957109695
0.0750863012673457
0.0455431670835624
0.0386158348573015
0.0362591107553866
0.0430048039312645
0.0378686872108491
0.0747068730769081
0.0506205024887286
0.0501537796839122
0.0473816121005268
0.0986458936234275
0.0486244678792084
0.0543953703139765
0.00222129540257311
0.056906946809726
0.0798843944875483
0.0418070217289624
0.0594580396614856
0.075530477753093
0.0562758372046076
0.0784268418023573
0.0307419308445154
0.0483908566444649
0.051976210959158
0.100197770871212
0.077278461045565
0.0349100299114932
0.0617311198092086
0.0404163846582764
0.054094014107175
0.0631082163214128
0.0544606098424161
0.0547211073297379
0.048400999484598
0.0599730304940069
0.058094130921375
0.0991638486449466
0.045916711353525
0.0882947557867665
0.041457795109045
0.0438135612036469
0.0608883962849617
0.0355720939159581
0.0969942673111769
0.064231590757845
0.0655420083818389
0.0995044337240226
0.076416677418446
0.0283089239173381
0.0415718888515389
0.0589151187509956
0.0243906748369637
0.0611415703250724
0.0613804836003847
0.0818701945644502
0.0529186891335184
0.0403503222021818
0.03426904912176
0.0310740233066377
0.0407259392338006
0.086578262266164
0.0445848922629279
0.100627978835275
0.0569665790869369
0.085779750076914
0.108935820319207
0.0662022375292277
0.0329205712042388
0.0655866746763964
0.037672604543832
0.0386452692327743
0.0386621679141111
0.0586057171651031
0.0322125855034076
0.0324935014942248
0.0644081952192469
0.0406610675905495
0.072277557655824
0.0216940634451326
0.0770252447565489
0.0405647881031785
0.0627241190100366
0.0566705528658077
0.0565010012575763
0.0823644953676566
0.0255049864759495
0.0257084517617741
0.0381019881802817
0.0747591890717951
0.105414239441688
0.0654302943347299
0.0508457965825832
0.0372146300835239
0.049597933410368
0.058949828403123
0.0319270906384132
0.0426420642432016
0.0496683435882627
0.0779484983673452
0.0578619717958231
0.0672777358407934
0.034085292206338
0.0604222459022787
0.0490576847969986
0.050807761372742
0.0647005325916242
0.0756667052739847
0.0318649645398316
0.0842203501208397
0.0303370502280538
0.0465181047773683
0.0647140548702364
0.0766796151414588
0.0370598788233372
0.0350240422131671
0.0515739555783026
0.0243389154916839
0.0450566088128017
0.116733423586382
0.102182153452329
0.0400681804421284
0.0420862881358908
0.0479799614990739
0.0425617361639263
0.0501931702025032
0.0672717502284674
0.0412525524963414
0.0430100652812013
0.0392793531479532
0.0519572434623838
0.0500345187198217
0.0536571175472445
0.0252522650502824
0.0335816208050597
0.0801821217762774
0.0417519855570737
0.050664397916104
0.0491847950495168
0.0731458214245178
0.046017192318084
0.0243324003816625
0.0374372822733888
0.0884645162888465
0.0320238450512034
0.0647676411875749
0.0295252401353961
0.0541600319566297
0.073541607778063
0.0352974903975247
0.0767766250403008
0.0294956940473734
0.0340503030069802
0.070455675695449
0.0620542941065396
0.0819726427429546
0.105090933636449
0.0197338107556804
0.0617192776036909
0.0317361089793882
0.0924334699799155
0.0505932118212777
0.0605945576536894
0.0348565339993533
0.0450836077209984
0.0235827467237154
0.0363636137391384
0.0208799228569837
0.0370863797425754
0.0600023983665292
0.0482178811386042
0.068971477480184
0.0525713175286603
0.074708316298818
0.0613689565724122
0.0274958216739321
0.0504925617423437
0.065417047049085
0.0759995276176525
0.0511109449719596
0.0561652564207804
0.102371902427319
0.0667102426097047
0.0417641942563396
0.0566270390170103
0.0842176714159659
0.038747556824661
0.0495860954789383
0.0456586156043326
0.0719266810399102
0.0661908641636856
0.0868973370924377
0.0450541183580671
0.0266547388531378
0.0373495288404212
0.0588604619103141
0.0641961820258997
0.0453709539996268
0.0292343589547258
0.0778330299835785
0.0569650849757565
0.0211351438255005
0.0699717605915681
0.0545147114834977
0.0473482368068621
0.059866476245638
0.0336778390428051
0.0553666813054655
0.0462476536317401
0.0444856210336245
0.0284284425425279
0.103037467108868
0.0689669667458543
0.0562073163230186
0.0930729799732824
0.0347772431287987
0.0578096795512458
0.0396988257369351
0.0500949781774267
0.0392638181443297
0.0453169686761708
0.0720054526719373
0.0313611193151629
0.0548482754803251
0.0813860330721097
0.0366946781366639
0.053354075101573
0.0690130926142499
0.0333745394217743
0.06709048529685
0.0535386587870014
0.0777124934810137
0.0494993157950221
0.052564021219273
0.0579489319775384
0.0680210141020508
0.0522655867202484
0.0474652515245248
0.0685049194391695
0.0334261756988954
0.0707054830624042
0.044901233093113
0.0263104642558049
0.0739542294546765
0.0634774281386733
0.115833216584752
0.029570029082607
0.088885429672034
0.0883553012905495
0.067278764245585
0.0582985102864052
0.06227046637265
0.102107630500127
0.0793517779602595
0.0361326746908611
0.0638861939970662
0.0479847148345283
0.0572719803978635
0.0863610460511394
0.0384628181765934
0.0408279905333544
0.0729099483442498
0.0383924954302073
0.0409261043128588
0.0286380338602882
0.057435947864411
0.0462141770765069
0.0558740958695721
0.05539447925168
0.053434158653582
0.0693144236681884
0.0376685720023973
0.0372978124482965
0.0542534266753136
0.0618801049988036
0.0636743469511963
0.0713078037226186
0.0335235633055543
0.088971710708232
0.0411528774748676
0.0522389370457785
0.108385287314319
0.050527223674849
0.0971338661515163
0.0420082744195094
0.0590887465398751
0.0229312956528926
0.0650035322834621
0.0373836437553685
0.0319781561701334
0.0531028424869833
0.0514753396275389
0.0440609552993899
0.0773295171857875
0.0484023533201748
0.0440970089300283
0.0353130175119746
0.0637012271575712
0.0420024032061228
0.0694277781122005
0.0552995434155026
0.0718255568229656
0.0287547159138074
0.0333162992956548
0.0430717037441859
0.0339260871695268
0.0685106174564623
0.0296868932687569
0.0853442490104048
0.0555056405801626
0.0573773797036155
0.062838931285895
0.0402518736019611
0.0217639132190441
0.0395359204173677
0.0353165249443083
0.0504592779302135
0.0766995401511694
0.0674147781876534
0.0496757175685959
0.102579595322002
0.0426499590828032
0.0328131068837365
0.0301612230461005
0.0628511199007511
0.0446479064757213
0.0390287200145891
0.0432811231833361
0.0705645578795262
0.0720389767543777
0.0685674073850774
0.0649432004099624
0.0521978372864118
0.0509112287624605
0.0123254813507605
0.0367396953283359
0.0536625176651878
0.057551217964439
0.0531271157065314
0.0764473580602081
0.0462508774301083
0.0480372390240101
0.0458475009998901
0.0317667937317327
0.0400386987392546
0.0589532612748958
0.0667827726725271
0.0663817840136661
0.0576375847847014
0.0568038260726155
0.0718774173848967
0.0530322329027981
0.045287793646364
0.0414613823049069
0.0384786532601243
0.0558886636593799
0.0508134518955472
0.0564642537653612
0.0461605068038351
0.0586740423693633
0.0414487732373404
0.0878945368292176
0.0743636261118725
0.0299037939195635
0.0415121701553161
0.0452268664868571
0.0831427154707023
0.0573859332871937
0.06000930485566
0.0393845803093574
0.0925755221378627
0.0624621810488854
0.0478571352047906
0.0893009476208133
0.0474870485673629
0.0429789077200267
0.0371447509395846
0.00752282795768947
0.0682438693040503
0.0855897450771776
0.0396588962517384
0.0528596490067705
0.0713389363222151
0.0389461993112156
0.0409777394679144
0.0367882996146847
0.0516962638901492
0.0518901665217997
0.0665802352027049
0.043070123744752
0.0442903359851945
0.081491783926371
0.0576294172827386
0.0360220995534109
0.0457516632281927
0.0583255625194144
0.0598779079693439
0.0790638897597786
0.0614417365604113
0.0913345787658635
0.0508944999157859
0.0152230484118258
0.0971658335744206
0.0396889194149418
0.0573752517910561
0.0360737061019726
0.0454920008659101
0.0426919689207554
0.0479009157509218
0.0591135225369876
0.0416876352751303
0.0337817526021603
0.0487244051445232
0.0147990998522212
0.0492477428097696
0.0357266774661162
0.0719094699369364
0.0693488405646119
0.0725666483619439
0.0522397027210875
0.0933289471899689
0.0553297661305518
0.045921405307112
0.0305433003254407
0.0779822602696763
0.0815368055170577
0.0560203475851132
0.0615621151429822
0.100344570793358
0.0730201357562773
0.0719691047705641
0.0557939617736417
0.0714300981905766
0.028447199157397
0.0430238826673985
0.0245493680594632
0.0698795161503219
0.0443592627659582
0.0599126362050902
0.0482747045432531
0.0879484329684382
0.0290708839654952
0.0290614770751152
0.0393249175100031
0.0634143035745587
0.049026122580816
0.039943562798116
0.035859112498537
0.0656365092834136
0.0706052068421062
0.0788087308635076
0.0622771548918663
0.060668956173416
0.0543985750701333
0.0776697134006799
0.036657290454499
0.0678660749997314
0.06673065174767
0.0353434755167932
0.0380957679016395
0.0587647480052704
0.0470502067654645
0.0713252482057501
0.0230930288635907
0.0318880241084008
0.0713795532029666
0.127652080789074
0.045766593245153
0.0741831921737148
0.096063939259894
0.0614679819036789
0.0751251795570496
0.105904175390001
0.0458169308649886
0.0375517692175805
0.0357591342477501
0.0548361334179939
0.0582549394801469
0.0453571925174552
0.0711024279600406
0.0648642927763428
0.0661040152252117
0.0744804022691097
0.0577052691066834
0.0192146414871903
0.0580044516930285
0.0408390920912046
0.0402612169964323
0.0495901842645663
0.0490052725764071
0.0488420426089031
0.0424863101233207
0.050425976007543
0.0353448473857975
0.0485106520865568
0.0711205330766832
0.0502339440544624
0.0512870087431505
0.0591225554288393
0.0131336307364657
0.0612906353907096
0.0562069087099594
0.0465509508768289
0.026917529437653
0.037564078941742
0.0411861002505409
0.0418935976801462
0.0331053686419143
0.0383177774186751
0.0617859571114841
0.0594264034204781
0.0257345716615929
0.00872392500771635
0.0577685993343532
0.0474248023607205
0.0302759622693769
0.107321961123325
0.0573315405240704
0.0692907922864129
0.0813858862208708
0.0521767389314423
0.0363954507020403
0.0347245710155121
0.032396092207062
0.050546185640475
0.0684049856482991
0.0438155090103
0.0373856224553787
0.0645289250049048
0.0442125271927885
0.0523424858930052
0.0917937878676254
0.0537677603142296
0.0319492197530781
0.0300264233140351
0.0839927940535168
0.0466587245224274
0.0668363925115446
0.0335607664483153
0.0682631788919522
0.0912189256291781
0.0446832659469966
0.0415496132576623
0.049602964858239
0.055487021722756
0.0424446314232953
0.0412425351806656
0.0580259948246539
0.0321650100078101
0.0735143614829225
0.0332732805027069
0.0566298220918067
0.0315766579509743
0.0810577101219597
0.0539276356335266
0.0507074674974496
0.0403902386788868
0.0778636906878994
0.0649775293964882
0.056156899031985
0.0297219179867261
0.0453151328266726
0.0778980619008101
0.0808554326239585
0.0533116526133241
0.0376501320401485
0.05671454613159
0.0686689211550915
0.0570635974426469
0.054752537278394
0.0911232793391494
0.0445063275239504
0.0585378720226439
0.0465849860362875
0.0365453467909359
0.0710445752258774
0.0484157759522287
0.0495442714629308
0.0560519396047027
0.0282175105747471
0.0466758329846225
0.021181234073759
0.0222562377285207
0.0377159653722529
0.0489139368991452
0.066501139691355
0.0695013418276378
0.0836094233344158
0.0427439978866952
0.0736556796968832
0.0573870114691449
0.0672238304997762
0.046731278088432
0.0709240002803977
0.0725246209247973
0.0758093571300929
0.0853041225928599
0.0311277562334368
0.0541097712813315
0.08337059119179
0.0592224229404095
0.0254410330204789
0.0526891788441782
0.0771339869151059
0.0470050100363869
0.0523672263812315
0.0573065048534926
0.0600143910208187
0.052980367912591
0.057604258034789
0.0481378902210478
0.0972105890825671
0.0265471141942436
0.0850127843070244
0.0548954193402725
0.104280539690262
0.0545073461494522
0.0452159212461566
0.0575069137434625
0.031766038922009
0.0600694115882237
0.0588595253732299
0.0563014530910731
0.0990720523399472
0.0459652395792119
0.0887547288383842
0.063924222498898
0.0405198355360153
0.0386422678775489
0.033185548281485
0.039773788918232
0.0812706372362421
0.0243676089744542
0.02939836260415
0.0292895798686942
0.0489296395699374
0.053541592434019
0.0407430466265562
0.0290117992428299
0.0727309194765058
0.0372528524782097
0.0948062720536708
0.0365875278116227
0.0524939980535215
0.0254929080302237
0.0416667640554601
0.0152841709378773
0.0305225924086171
0.0383343382313494
0.0583086594595772
0.0435956596059302
0.0502245064911139
0.0517424430235026
0.0908976394938869
0.0503346764805704
0.0595675242613077
0.0456996844062628
0.0693924333400732
0.025624065745772
0.0324513860577773
0.0599211558735309
0.0479864971770836
0.0394479955487768
0.0505811720023446
0.0556543992141846
0.00601307086287606
0.0585240536275389
0.0295245969457872
0.0645504325381695
0.0803446433188692
0.026373582700471
0.0586437245163324
0.0722920690100531
0.0845233239158176
0.0487636768119534
0.0521228310645861
0.0725082279265252
0.062405551551
0.0345333792281745
0.0706223447234391
0.0528885841831261
0.043664047701744
0.0393357606755969
0.0200265767726985
0.0543662884689456
0.0606345124077206
0.0401793711223997
0.0393180475229367
0.0580507292649766
0.0480809637564766
0.0736588115679805
0.0508114459903874
0.0455625681271263
0.1170085751209
0.0486260230940875
0.0455686744842904
0.0712198776494732
0.0421789209810116
0.0464878300800117
0.0392458735702965
0.0344655342883684
0.0602611818545238
0.072709162974445
0.0579995319056858
0.0358452721679684
0.0775424577088636
0.0347073967979378
0.0779293503606772
0.0212254204856165
0.0261892751361811
0.0614771370160796
0.0533251938951718
0.0365523848460401
0.0846040084288909
0.0251653198953458
0.07105258881297
0.0346361471974794
0.0336987711232552
0.0557929259212072
0.0739602168849086
0.042624523632665
0.0558295502001326
0.0283604730927264
0.0461823334753783
0.0312887219572706
0.0259542705646172
0.0453546701236924
0.0420583692791454
0.0442425266290122
0.0778942363554756
0.0811549293466297
0.0461246402584134
0.0611915450589876
0.0345363544707578
0.0534199008715244
0.0562915563477697
0.0386397483023024
0.0717337431619493
0.0706103003437093
0.0561017725203352
0.0621224611684248
0.066816423123514
0.0533681925386025
0.0712071179696588
0.0662551408650835
0.0394051101624845
0.0656597186797356
0.0462525418426524
0.0418140686227347
0.0517129557563905
0.0407235112972014
0.0862805581272538
0.0392079772176442
0.047006587715836
0.0441217559429185
0.0257403550918278
0.0800939462371104
0.06117203001044
0.0656107496834025
0.0454351865929593
0.0649975099200148
0.0755419818696801
0.0268868380921182
0.0547008737479142
0.0383904243434349
0.0517992783349355
0.0444321180788259
0.0574881310571941
0.0288181118814283
0.0632139772045271
0.0355075958724716
0.0613336347251987
0.0642943701327634
0.025812668411378
0.0697963235439985
0.0525715529547452
0.0372177450266135
0.0663512791262463
0.0876283163272396
0.037683633666661
0.0465372897188432
0.0734249506388415
0.075376179070777
0.0227368246479754
0.00906046845218552
0.0371375654420825
0.0521259420655624
0.0512419956566198
0.0692332468163787
0.0493854078423661
0.0640067927170274
0.0435972650818906
0.0365450978270502
0.0548967947764896
0.0527076825252401
0.0852041791685685
0.0684398297990086
0.0304572648212373
0.0434673280985938
0.0805777133747637
0.037822475169639
0.05977336221145
0.0183889045949221
0.0941875948850597
0.044561337984203
0.0315927023460885
0.0385800476706205
0.0399846788551649
0.0339124020911646
0.0564061226731905
0.0562694801937047
0.0420095193411227
0.0464185647638533
0.0611050819863222
0.0525882651457514
0.0434497254523488
0.0697896444878706
0.113936896618667
0.0534828529947922
0.039638253977375
0.071934399852391
0.0814139128941564
0.0759664103570437
0.056751667988662
0.0564006280052885
0.0490842793076252
0.0798268151554906
0.0779508228525649
0.0377275181212365
0.0308082956696233
0.075749772100652
0.0346729205349712
0.0396476387212545
0.0431832761586018
0.0794689668381118
0.0705662295462259
0.0935798398363367
0.0425639205114428
0.0301850001077947
0.0644816472136471
0.0384928376029968
0.0524059274870818
0.0617404340753586
0.0483308365814364
0.0353695127722244
0.0319967199182415
0.0706753613313397
0.0208071604698604
0.096012783896985
0.0561708863140832
0.0298002047459983
0.0566135267523689
0.0498871073706485
0.0404586099076374
0.0440687605012182
0.0629932056337984
0.0269324696146946
0.033244512547917
0.0457934114071823
0.0824969664511983
0.0531523334424765
0.0502749989503273
0.0944321256276839
0.0567703574865709
0.0512313319559013
0.0860092223727324
0.0177632967837782
0.0587509208067032
0.0667527336167026
0.0471332022799499
0.0534700951518099
0.0752166063195313
0.0316810561095627
0.076165807241607
0.083966240974841
0.0415682353459872
0.0173217170596091
0.0425925042757476
0.0423819197905656
0.0961745882908198
0.0639921715362384
0.0892654716123654
0.069975736718884
0.0336064229913479
0.0693645730133602
0.0511179904785546
0.0516701789291822
0.0526802270301888
0.102985566086805
0.0619026313744804
0.0624449739410346
0.0240248882795575
0.0748017351643617
0.0356072931733784
0.0533616113228803
0.0283004862636058
0.0482019547980587
0.0545415968800721
0.0420999996680326
0.0495785334745871
0.0342315389665713
0.052673203916492
0.0534554616226318
0.0331880287165245
0.0193728128154013
0.0494511894241153
0.0641971906353948
0.0134349324674775
0.0343674859444444
0.0956667787364935
0.0470997232289086
0.0469012150909957
0.0562757573846315
0.0508170163254819
0.0561349396129647
0.0461933491358892
0.0611817885228091
0.0252788915050592
0.0450492614228119
0.0233558507626206
0.0592021015079321
0.0550384949493654
0.0501511735121004
0.030721263925888
0.0638852371357349
0.0567967387136323
0.0438013621047457
0.0788932589674341
0.0789439488594926
0.0497108855000258
0.0393381075007416
0.0366832759869138
0.0348859460738943
0.0311910300687933
0.0635946719081328
0.0550736894550231
0.0376232661745793
0.0275918768775363
0.0734473506312466
0.0540983738784167
0.0457026923739198
0.024262294758473
0.0492792706564681
0.0367838518958203
0.0512519389119535
0.0852847042050201
0.049765061189118
0.0427961980326776
0.0309145703504293
0.0631402744824729
0.0573039156646797
0.0735785485936004
0.0458175748250602
0.068498039403605
0.0781850191759785
0.0512183186914956
0.0797330934663576
0.0500161695602081
0.0448102015460443
0.0436183743232906
0.0691437823539174
0.0876590789689619
0.0374784363911603
0.0500824746639389
0.0790734072152373
0.0627059138550364
0.0502150002278976
0.0354801963173983
0.0686510895524141
0.0652143813859667
0.0625886970754978
0.0746631424839289
0.0380869626189439
0.0529830929624551
0.0611737768051329
0.0411406082434214
0.0672362399922245
0.0613547133974352
0.04418363955559
0.0581134403268607
0.0578086239299746
0.0470907997400584
0.066702984284625
0.0384502114024675
0.0336047428045913
0.0475431653549672
0.0485634760045272
0.100056937103271
0.080245422372862
0.0611428691610148
0.0866990082995046
0.0201383183262491
0.0569941487488853
0.0573515380568156
0.0695721157480367
0.0395741968325815
0.0289203469040713
0.0588757426386034
0.0604867307657395
0.0533503277793996
0.0401695423952536
0.0497355932175268
0.0662782642604619
0.0597554283030515
0.0354165671333373
0.0592199488666257
0.0327840589511676
0.0701870697603607
0.0530325357996032
0.0412574478459574
0.0669192169291051
0.0559871833462214
0.0825192545765461
0.0573668961387827
0.0745936805199239
0.0445220817543181
0.0349859988809171
0.0831847292757885
0.037998653695796
0.0593761104126622
0.0867454451569225
0.047249194401174
0.0463522797565641
0.124874401630844
0.0784781191036705
0.0803692548024287
0.0350518204829606
0.0586100712919564
0.0564292161756947
0.0508893470309126
0.0477700886453024
0.0649710989538521
0.0394997462166142
0.0327965807428693
0.0661701832889742
0.0286064533711244
0.0620696352354917
0.0620214780050262
0.0656232508239622
0.0651876092310717
0.0530540214626461
0.0674349059431539
0.0783839175306885
0.0372167176717579
0.0154298760988034
0.0536807673757543
0.0287618215149251
0.0529351856106823
0.0298864028416518
0.0365027666278644
0.0124980301837871
0.0445868025789036
0.083581876077485
0.0388999792154457
0.0781990930953234
0.100191055750429
0.0487590783677787
0.0696581974251067
0.0412025226804897
0.0538301729972608
0.0760665410847075
0.0542453021653686
0.0351532059313265
0.0466982670534566
0.0515785415395877
0.0645076225153586
0.0923243749092358
0.0381898426111926
0.0588198844784342
0.0191793618862511
0.044125257302769
0.0314361917002913
0.0226156862836279
0.0576204623115316
0.0293606162147068
0.0566344401289588
0.0244444793250211
0.0335119578662354
0.0744948920548658
0.0667332714907568
0.0387900924088041
0.0757542460391971
0.0364110115163576
0.0589121903858976
0.0496705774471302
0.0977007060939101
0.0372112132264607
0.0630665113631667
0.039434994432928
0.0462838511772889
0.0652242604808623
0.041869087087176
0.0306516334276407
0.0599429737842007
0.0420741810384534
0.0393498515127199
0.0458053371294821
0.0364182519075434
0.041251813148065
0.0666113034599895
0.0458825234711627
0.0348849429991721
0.0442391895364798
0.0561722809571418
0.0503750357932518
0.0448117299936277
0.0508990265338967
0.0829537089840333
0.016421984219822
0.0597881335282555
0.0571432227822855
0.042247918857883
0.0415763807998461
0.0233986150827359
0.0662523051661692
0.039918957021012
0.0219445648776828
0.030471904165736
0.0285972547230692
0.0265592565648927
0.0387130925980651
0.0257505508304297
0.0849213918255653
0.024570853032741
0.0683908432684674
0.0501408017643718
0.0567922197486111
0.0530372533733554
0.128024431359837
0.0338425092758803
0.045754350677005
0.0490557003968184
0.0614569256530042
0.055810152110724
0.054400780620866
0.0593908619684024
0.06490947155653
0.0587362788422536
0.0300033330653286
0.0894921631090784
0.0677179371973344
0.0574835766520601
0.0625704201285544
0.0334410523461273
0.0535238596405714
0.0589026775459995
0.0712306768417824
0.032318935817263
0.0457328255309385
0.0647936214951141
0.0418958386896368
0.100687809565263
0.0929481290546182
0.0665564095792344
0.0254323171586421
0.04380531214254
0.0530056037734136
0.00485839053125587
0.0362613276256334
0.0683503306085997
0.0226392089280608
0.0639361658293928
0.137514911240015
0.0699535228682718
0.0371674220716321
0.05656559954322
0.0568206562936611
0.0518482342746532
0.045728496624237
0.0716949179059045
0.0433858412137039
0.0308641110965256
0.0138870667463908
0.0574152988598598
0.0679563098548016
0.096595828324411
0.0367077366049431
0.0676066180120052
0.0428163004288233
0.0534812410660771
0.0409131475089307
0.0544224348350223
0.0674706912730803
0.03720479760454
0.0627736412436903
0.0277610338994415
0.0659136583867308
0.0403630680385833
0.0546116850729082
0.0298121472150068
0.0585097917041619
0.0432799588570729
0.0564091651837972
0.0243461237437089
0.0395388762479179
0.0436066072307205
0.0395113123861849
0.0283858349429582
0.0498463663434584
0.0276362854780553
0.0619028309863779
0.0545129119707542
0.0636606208511322
0.0872090109233265
0.0714166571055762
0.0407004892247078
0.0378820658520655
0.0298909096526078
0.0704458672402208
0.0901805666077193
0.0260401398047844
0.0350803543194628
0.0424819785655177
0.0384189716986389
0.0396812992728247
0.107718088572685
0.08616375389618
0.0332239778358708
0.0494700614880884
0.0438749921537124
0.0551871634746456
0.0668173679453574
0.0484254903662703
0.070938471955632
0.0580974136751368
0.0321145572944825
0.0330569441789845
0.0212570190717947
0.046882247459647
0.0265652241122115
0.0675229999728809
0.105270974248698
0.0716183377796218
0.0398824451225302
0.0693201295241086
0.0512533716769149
0.0565604188675602
0.045549142299857
0.0480166058719095
0.0385919914529317
0.0490655862753749
0.0452162469643387
0.0717018477473477
0.0515589063278601
0.0232260829391213
0.0827506306151685
0.0493215642777501
0.0416510649813707
0.0418056007834949
0.0683547892436814
0.0510414825727087
0.0790749116967106
0.0613088928312183
0.037577186087155
0.0653220405513257
0.0186565347711189
0.0720166461866871
0.0356455111779501
0.0843336002098535
0.0555998755107094
0.0393974582691731
0.0400874880150121
0.0407695793695157
0.0726369621205813
0.0733181459884639
0.0663206659987662
0.0488999374942191
0.0740428263350008
0.0294042218304102
0.0577644913274308
0.0702827898100585
0.0549326378755609
0.128573247106676
0.0225789182306205
0.0637235235293203
0.0414681748927409
0.0470635634799783
0.072930706133119
0.101560820216095
0.0564208886611462
0.0709157997649249
0.0438513885945801
0.0488592872431482
0.0472445710819985
0.0757401281618395
0.0692822010318078
0.0888774409561554
0.063234338071516
0.0190245351527438
0.0549153139488077
0.025724415926062
0.0597369725211481
0.0498447221127425
0.0303556099208455
0.0768174431340616
0.0363010841839462
0.0568404016940967
0.181922757550013
0.121235389557991
0.0496538530248808
0.0562504641346838
0.0269626545104786
0.0596665693443704
0.0437124725889846
0.0614354146149317
0.0346866280686537
0.0425792693197906
0.0733402360142771
0.055639255603238
0.0651155535301604
0.0907417064109612
0.0712116113738622
0.123046462203424
0.0427077149964111
0.0125847333936046
0.0418224872631592
0.0490597792387333
0.0630833201263259
0.0242255133619006
0.0748291761352438
0.0481477486456331
0.0845127870877989
0.0990555344199381
0.046982372260298
0.0538722333370766
0.0341426065107293
0.0618213250194344
0.0549124559500916
0.053964293005246
0.0548676378263251
0.0380638696604878
0.0450938361050155
0.0672235596780648
0.0392390703073536
0.0622229232935977
0.0887625364834087
0.022918208623067
0.117480158630963
0.0539114282398336
0.0576119085347559
0.0917245227538771
0.0405039299105778
0.0482158503979842
0.0431379991987924
0.110295145907132
0.0586168864388685
0.0353456015634398
0.0822859469108531
0.0155788554064936
0.024387239906795
0.0458472242120346
0.0430046499209428
0.0668458109128309
0.0619929198977389
0.065629536502023
0.0975637510983301
0.0449386622204028
0.0691828112278141
0.0381302685954216
0.0504350934947185
0.04859277959179
0.0565292318439621
0.0331149057571938
0.0242218137237068
0.0581658581062702
0.0275270795813942
0.0574298079936266
0.0498896516518317
0.0647723423250135
0.0398837244696603
0.0308265767871467
0.0526830634986986
0.0186276809737272
0.0556486666172056
0.0480936085643737
0.0363612950878402
0.0404799979235187
0.0517381318733343
0.0345149088966253
0.0427024430509915
0.0383571304887346
0.0626429097578287
0.092683496502351
0.0545325192497417
0.0674802049658736
0.0338842441671437
0.0227022925880376
0.0630590601405711
0.0517283150140272
0.05026381625603
0.0352660444021534
0.0639908463247483
0.0645992098324577
0.034277646071144
0.0804393163036191
0.0961190701527339
0.067300097294932
0.0305519403728956
0.0583999318418039
0.0686371973548755
0.0413451801484519
0.0608172787398003
0.0846317027776883
0.0490618738599153
0.0433608812851735
0.0745124690686552
0.0235280140499651
0.0789143020235499
0.0404834977620099
0.0391554117198221
0.0381658242777108
0.0448997056598166
0.0402757232670866
0.0555003832150487
0.0895312715367663
0.0758818144371339
0.0355020017403874
0.0570702138600417
0.0872590182244933
0.0223491244554506
0.0823814851881018
0.0491423158242945
0.0392960842452713
0.0495192868786649
0.02949873506394
0.0398642402593411
0.0625100976708363
0.0852568238194799
0.064775977391672
0.0855272975153046
0.0525862906822288
0.0153882630291785
0.0814457657366278
0.0795329384069611
0.025286834930847
0.0646982445996695
0.0565887236748644
0.0437004398185038
0.0555309296994443
0.0643147467181275
0.0467942182207859
0.0265396682524551
0.0304468463040025
0.0878169405669106
0.0440061842589186
0.0901593293095756
0.0742334778064906
0.0632630383077595
0.0435733112689967
0.083264854320224
0.0532681892497677
0.0716960685616301
0.0670849669663651
0.0259901391136428
0.0744924051061038
0.104575745050722
0.0668582154805436
0.0504241879745366
0.0951378076124106
0.0735240684324521
0.0348793316382034
0.0678467131906999
0.0850828679125147
0.0611269488005757
0.0609623232939066
0.0604117651034098
0.0473356116937234
0.0597733277021389
0.0591482355525104
0.0769925733296504
0.0618477228333379
0.0511750632716833
0.0695441842103927
0.0727641334693978
0.0580161753916808
0.0358440203879308
0.05422949429422
0.0586392299583561
0.073313883232509
0.0325505141305263
0.0475152395163572
0.0637736567348856
0.0457757178413654
0.077066264993792
0.0940926594682679
0.0516631725044323
0.0509922171683699
0.0247555107034623
0.0293953611814633
0.0173478081988682
0.0527736995114664
0.0421789006881119
0.0300424373105173
0.04554367600395
0.0547733654531712
0.046827078873701
0.0701422226075043
0.0907853326163557
0.0346270312308729
0.0353150222154861
0.0207002937950952
0.0389572773951956
0.0632698427096142
0.0821234479398332
0.0479414497957195
0.0300679917662882
0.038555197385109
0.125309770704822
0.0469448642295289
0.0469877581590928
0.0407749380748779
0.0396689917586576
0.0463091631264557
0.0913821706182427
0.0464008520295381
0.0605599226809806
0.053679275719902
0.0278713321474513
0.0494261497775512
0.0466734782351958
0.0602409156432834
0.0609046524948584
0.00802962486681302
0.0398823136932673
0.0525954971382235
0.0631202748128644
0.0623613993426771
0.0304048284518622
0.0422894163495754
0.0660679280775773
0.0580896755564605
0.0338256959329311
0.0134420946515987
0.0699844686336168
0.0302230347503059
0.0945058421711263
0.053416008699876
0.056625264246976
0.0558273228044497
0.0279191766882773
0.0618057358764377
0.0318707831838947
0.0473019687814162
0.0413386483814751
0.059661023391056
0.0674655729404463
0.0510167164978586
0.051727169077256
0.0392928392595819
0.0958785222346496
0.0652450442414228
0.0870031706624456
0.0555766354303214
0.0748991775514441
0.0361781910273054
0.0549370006793228
0.0514803376365712
0.0775594387330408
0.0364865834146761
0.0272843957032632
0.0260665129842273
0.100500442106876
0.0580865720783073
0.0383145558854762
0.0385979841798207
0.0722403184933785
0.0176617314276807
0.0344912598336012
0.0750780373543725
0.0160611415544008
0.0762265151527099
0.110288163289807
0.0405270957609046
0.0103157946219543
0.0240139924607013
0.0664452951674337
0.0403310922312587
0.0994477029504017
0.0556664402102994
0.0420762333631735
0.065459198518274
0.0507970186665861
0.0508477496985694
0.0562326995505065
0.103218274069963
0.0924975090678919
0.0297398179314682
0.122668333369156
0.0406771354890985
0.0380643393132249
0.0688986141998065
0.0696091627543115
0.0455328171011723
0.0323893767616053
0.0853951391184902
0.0650421117163082
0.0742698504720165
0.0614292351902552
0.0506903878218516
0.0421061758069914
0.0643556575862058
0.0366234761721022
0.0832946202651104
0.0909269561818071
0.0654996199303503
0.0468879092662991
0.0374249373693516
0.0840640757942216
0.0404971299956275
0.0324478917357353
0.0387162682011787
0.0309785913493641
0.0417342528440549
0.0608861406110829
0.0373531337365542
0.0721395052744128
0.0504605179257337
0.0283855872270504
0.0595620414937099
0.0412169416676213
0.0414767351508483
0.0399377199675189
0.0726810008920508
0.0453483090679321
0.0415681285967113
0.0997177250322566
0.0811065768139654
0.0733129752617792
0.0617855073367928
0.0838265403565575
0.0712456472998886
0.0593610361739409
0.0459935092956381
0.0413217082109121
0.0447761078644146
0.0332765675427027
0.0568947401616139
0.0318618371385597
0.043772997936694
0.0829151661549306
0.0933116233859924
0.0300947648572769
0.0604710881794841
0.0664932721330031
0.0448630287689985
0.0263067561842903
0.0488354823593311
0.0587194047829366
0.0388232530410373
0.0264718832276179
0.0315824265033397
0.0565180092534996
0.0907581613322942
0.041327090242006
0.0687009026710472
0.0560596706556894
0.0431641350067202
0.0414554948612688
0.0200212267155567
0.0465835712227199
0.0144517046910675
0.0947139850220197
0.04736623319823
0.018945525480615
0.108729776645483
0.0389550068263368
0.0373860368796442
0.0620989000890911
0.044401415357756
0.0485363993486895
0.0451834765042463
0.0644371635517576
0.0566711631959557
0.0444553566489121
0.0478207913852499
0.06682812950309
0.128013229173246
0.0217126327916567
0.0471225589745721
0.0517711721181049
0.0214481647674081
0.0508225487964874
0.0284658248727333
0.0669038181402208
0.0635490591474302
0.0521317473989234
0.06012652651545
0.0449856488379619
0.0360334518338289
0.0278765975212632
0.0537917879765493
0.0372555300813372
0.0408178158475083
0.0761533034494298
0.042105845173162
0.0422699021760264
0.084741290382102
0.0885724506860264
0.0286772594388787
0.0262399712349912
0.0473490577745974
0.0580466534219316
0.053640638723483
0.0435624560913376
0.0561563050223036
0.0550739824971363
0.0218303454718739
0.0386548353795377
0.0908656391270568
0.034297758869689
0.0457681989745103
0.0263875213241928
0.0294144914204324
0.0481612820999848
0.0748772656641466
0.0812782262911139
0.0369958298445343
0.0678990841534322
0.0668371502013967
0.079483357862656
0.0574747320999151
0.0388619263963369
0.0480483366326144
0.0471441689770183
0.0522537970451424
0.0676447714611734
0.0698633867449926
0.038348511497506
0.0660078840080548
0.0492064478075917
0.053352217588311
0.000466460427677019
0.0356815996002664
0.0503808921568332
0.0353571844010315
0.057398789023135
0.0810675946048872
0.112757888628173
0.0499751310625856
0.0548912465354033
0.0638432064791035
0.0499192492371701
0.0462522203285698
0.0448922863275433
0.0272000836996593
0.0583752975685815
0.0288319263375809
0.0486395161176605
0.0740029608478246
0.101819489247028
0.0467429261217997
0.0877253466624849
0.0848439686708003
0.0444311267046336
0.0891697120789898
0.064545479278329
0.0303359703062717
0.0359121361617777
0.0606129270802438
0.0391930680584476
0.0676430418925489
0.0259371562760957
0.0579645715018886
0.0204669829139827
0.0293570691583335
0.0442066221418466
0.0690148379931789
0.0970399420749611
0.0406636198502297
0.0803022515085656
0.0534927096269836
0.0861225890206472
0.080816474119665
0.0310989942773633
0.10923089516077
0.0629816267265594
0.0691355181206445
0.048497790483856
0.0416490739845262
0.082395339201498
0.0579630796725574
0.0270850128462808
0.0618611911404897
0.0729505468889466
0.0639285031027664
0.049142455797122
0.0323730178978399
0.0779900760221658
0.0259249493146023
0.0365927129242441
0.0344883606462107
0.0419315243351217
0.0703661084613708
0.00832946665762035
0.0424077116699759
0.03439969942368
0.0440928318528142
0.0375522204946572
0.0473553163505394
0.0566099281594064
0.0468256108942539
0.0378763267788266
0.0776923054319972
0.0443092279269934
0.0877467486465177
0.062197514439318
0.057682472396332
0.0449558375824547
0.0518615842766953
0.012320752159416
0.07081462434391
0.0674218552345292
0.0481793751355247
0.0447807063419125
0.0453794705972207
0.0561940095659867
0.0353642825701111
0.0635397070706416
0.0371645409906338
0.0663219131474852
0.0611212703354021
0.0658235376419255
0.0654004638017912
0.0403759207655109
0.0498771188061485
0.0301243072193217
0.0390301343361597
0.0700489063588764
0.0717893062483236
0.0423726175113295
0.0320758053714463
0.0916650160237728
0.0811961948420693
0.0409270873369914
0.0470720129716893
0.0687179434224684
0.0923774574721005
0.10685387790537
0.0418831458303109
0.0457807229592019
0.054754768224052
0.0628775320582505
0.0452243785244036
0.0451979676410454
0.0622384452519042
0.034622531328014
0.0542090759452633
0.0545601485406345
0.0457664152872019
0.0537563946811097
0.055020602424212
0.0430451526154096
0.0277861257065061
0.101859117337573
0.0783433959503989
0.0374107640643542
0.0696743353066507
0.0539427042097284
0.0406498992350518
0.0799972480695407
0.081306014303862
0.0584716101487922
0.059447120966534
0.0620703637086506
0.0795923654919975
0.0522740104961995
0.0817119187151064
0.0600631707546959
0.0571748013151404
0.0475251397989839
0.0560039059961169
0.0674463737737945
0.10383804184521
0.0461843592149441
0.0456064569725855
0.0642078098201923
0.0169241555310834
0.0528361033503688
0.0691611547218355
0.0592922075816315
0.0314947336202758
0.0294373031486771
0.048870864422079
0.0596280904972294
0.0629625186576803
0.0426129642065736
0.0460455687274727
0.0607230456332243
0.0745812400100213
0.0454340443902352
0.0659316343101137
0.0657245159656866
0.0644966223864846
0.0469558969527543
0.0633708885152973
0.0837551399166694
0.0468071768431385
0.0530941049713265
0.0401049712349274
0.0577258216361477
0.0610556727092918
0.0516103542930356
0.0599864638295054
0.0846024734189569
0.0219867377374284
0.0264242714606307
0.078708325258655
0.0201060652281022
0.0835165699562705
0.0250598342728866
0.0339658401010248
0.0546098305123515
0.0223714861259465
0.0537431422243244
0.0371589680560289
0.0577222437729021
0.0436742770932336
0.0350835188730455
0.0625109800536148
0.0504592178038217
0.0369091074221578
0.0484643958751486
0.0469126660019085
0.102097910111071
0.0585522570731448
0.0398187169553773
0.0580465923691417
0.0273805775813834
0.0238566400904716
0.066020973994324
0.0205108780099155
0.063664304107947
0.0857753147964774
0.0638183889797909
0.060798357423515
0.0570526457294489
0.0300157669574631
0.117317006841576
0.0434776449066277
0.0728744678039079
0.0392553832729905
0.0356699620247415
0.0786193883350052
0.0572497759805404
0.0432418862424019
0.084729497784518
0.0675311944619164
0.0369294123052294
0.0604983356524614
0.0466248938301101
0.0495670661184214
0.0319421305076656
0.0635731733974169
0.0815657624113786
0.0279778056469034
0.0659639940883558
0.0509878940071928
0.0537570506308356
0.0340162735973009
0.0455486042293517
0.0370366221816478
0.0618217552330081
0.0577766672603595
0.0509492775680833
0.0736781521923514
0.0392597089398479
0.0605750367016784
0.0521833580470097
0.0697488599488521
0.0511187819306096
0.0272166013122957
0.0722708184304277
0.082494783015415
0.0439927726433827
0.0524261641545872
0.0619383993490109
0.0554863992465187
0.0521445123398141
0.0491472702538266
0.0493760633843636
0.0511144499085778
0.0518926128641383
0.0851768539401992
0.0230854580342481
0.081405492198409
0.0720074105236013
0.0514078580938231
0.0480685542002237
0.0900868088766446
0.0542224755325138
0.0524461514299158
0.0606784442883868
0.0446049340602806
0.0621317048682483
0.0578710436843201
0.0344527736068529
0.0585928066059734
0.0311274950596846
0.0869363537863072
0.0332488179588999
0.0643487168418322
0.0525009237362803
0.04242871108523
0.0416259832700584
0.0703020316568284
0.200325340761395
0.0441377959320036
0.0568505128161521
0.0452616369105296
0.0528237445434969
0.0152352866652019
0.03556111314488
0.0427305396341529
0.0390283118365665
0.068678977483985
0.0451858584188894
0.0613335064964016
0.102601758437918
0.0287874893589708
0.0186725536441345
0.0510211779986881
0.0314512232591723
0.0540248927318425
0.0943666186407977
0.0914743636736592
0.053147634870375
0.0346284201231256
0.0354112418975498
0.0405455484969606
0.0492852905313236
0.0139367172198103
0.0204110254413385
0.084506831840867
0.0363327467697768
0.0527876549476144
0.0563866383755844
0.0468156836682951
0.0871623940456663
0.0498353239646539
0.0579516393876652
0.0710149774641119
0.0383991507481814
0.0516986436494873
0.0366908085326176
0.0412359037045888
0.105155060509833
0.0188744449299237
0.0903004784068138
0.0561945595127923
0.041754407214657
0.0543665849697782
0.0530035877609332
0.0677857211412667
0.0711111292887318
0.0350291248598507
0.0577851957555304
0.085568074205322
0.0538780026997419
0.0499586823445937
0.0297211063170883
0.0441310636166712
0.0408743910369157
0.0310501273916579
0.0561036421074821
0.104176345134525
0.0505813057520921
0.0660717521473289
0.0503073913310117
0.0805400190736388
0.0775451786973013
0.0336146353902038
0.0773623625191764
0.0492673820033654
0.046423084194653
0.0677013696507225
0.0445245867817905
0.0271137853639347
0.0524149381415706
0.0427550234948933
0.0529059714340916
0.0444581558900652
0.0537396208298977
0.0484168183194912
0.0823210724252968
0.0765550098049108
0.0452186572353877
0.0521346750866342
0.0559898246015619
0.0360964604459814
0.151644363810509
0.0617008435758403
0.0807570861340899
0.0421517494962185
0.0462889810532046
0.0450866989328672
0.0334478302755154
0.0613011058256524
0.0519276254335499
0.0803159161903441
0.0303149028287789
0.0390654870175906
0.0260229444753763
0.050933378626717
0.0173017765335559
0.0525757018144458
0.0384956306829003
0.0786496862971667
0.0538883438689708
0.0687431773669917
0.0734426587148261
0.0856643294240426
0.0311279554567104
0.0625294383905072
0.0641716562593717
0.0474291013059304
0.0682861877241242
0.0453934883251524
0.0546467558831165
0.0564658748208256
0.0804672052805004
0.0217275866236043
0.0182871497223052
0.0294317117070248
0.0572879433473254
0.0329387535245153
0.0903916077563927
0.0469850796333659
0.0678897388728083
0.0615704450642386
0.0317889982251917
0.0575914088146183
0.0281532594845484
0.033027233799972
0.0279525048513448
0.0565818085422212
0.0263395508085803
0.0273839650433194
0.0828792397770971
0.0449412412396311
0.0312238950203013
0.0444228887350282
0.0476401049209832
0.085596950079017
0.0515716982394331
0.124924390516282
0.0454496399414595
0.0365754458451101
0.026658254295266
0.0335457823946968
0.0377200722332862
0.034769575401809
0.0499779365772633
0.0485223588141695
0.0186420449413475
0.0431762747562181
0.0872974711600547
0.0888980694005274
0.0638087906064506
0.0330564238124438
0.0606736628522565
0.0445679028025104
0.0441529246542318
0.0450336633848331
0.0457195625689701
0.0482268692457505
0.042064971935347
0.0455483458781487
0.0220034193183419
0.0784819461685281
0.0417270726433506
0.0510658291684469
0.0707951609798988
0.0636045872179856
0.0589921166525319
0.0478734171396211
0.0555771993117003
0.0975288149336795
0.0666258796700833
0.0539887798643148
0.0516216583105012
0.0529050600221651
0.0816067445081981
0.0380460287741879
0.0497341920453531
0.0633603460700712
0.0631774843055836
0.0687989831929151
0.0848374388942599
0.0888220199436913
0.0612701985463701
0.0763691169980659
0.050094379040132
0.0585507706897935
0.0915416437610294
0.0504482212972484
0.0575868675854165
0.0404571900754545
0.0917392945649623
0.0371026583258667
0.0371954067959205
0.0377058571506377
0.0870766021856895
0.0481830376440637
0.112317070085388
0.0424187846491508
0.0340687193334649
0.0526413352287893
0.0613724925900734
0.0356431789970652
0.0289179435805017
0.0692767747616422
0.0523361450525284
0.0342456848473533
0.0769065584787438
0.0379096466683696
0.0563827041563209
0.0537168305180337
0.0616032154755044
0.0446808201183329
0.0273525565205718
0.0975585067207449
0.0636826944260961
0.0671189577562213
0.0533121750877719
0.0496434928284909
0.0459798486302114
0.0547320194541912
0.0377057578083492
0.0234649915012285
0.0227748342107672
0.0443514794149914
0.0265761122941471
0.0351930090262589
0.0336667578357113
0.041287013156817
0.0604103461429164
0.0436182210125806
0.0473806993226199
0.0742058994704802
0.0554041594908553
0.0486909164936247
0.0454339839157467
0.0473861662100741
0.0700819291079314
0.0336166962797008
0.0599965294376964
0.0616199970429591
0.0424369826417804
0.0539039475176058
0.0569017300905441
0.0518715498895847
0.0838243237073882
0.0482667368365441
0.0672511164203638
0.0546738040137047
0.0463995721500313
0.019334409548235
0.0772905740960673
0.0633574388123348
0.0703438257067296
0.0751858138808313
0.0537670277914242
0.0632203908803318
0.0241633483097299
0.0409295085209095
0.0318654209770816
0.0617344745647228
0.0471757662637581
0.0730021004196291
0.0276488633948246
0.0604968743047779
0.0574297473020229
0.0488943299636547
0.0759010007944943
0.0755288003251554
0.0429492624314621
0.0368764943413918
0.0417239426288172
0.0318208684412323
0.0657875849403412
0.0607688126872934
0.104302999160611
0.0536099896324762
0.0244640125138726
0.0345970638358925
0.0425812222414892
0.0529174148601717
0.0464602460118863
0.046625773517023
0.0261402924121376
0.0386605159312423
0.0332829192953978
0.0461325842058991
0.0341421974730119
0.0650476833596805
0.0564021613912927
0.00580152275755806
0.0683287363307643
0.0497061155364474
0.0450081398405592
0.0393632673083535
0.0422849586043601
0.0341543314133334
0.053523778847612
0.0459075755641205
0.0251233846077096
0.062787936425704
0.0652758231002015
0.0240010641405805
0.0448320361472
0.0188094547535784
0.0539910366428898
0.0552697945870605
0.0587867318299612
0.0562944721835455
0.0399009352327613
0.0621450042613439
0.0580575151567405
0.0527277349605719
0.0596781646487768
0.0277332708332261
0.0549300575158637
0.0500820541101372
0.0312857764546537
0.0818522773749906
0.0166184879455158
0.0620777991305408
0.0998404480623247
0.0612920095933104
0.0866331018155684
0.0401544093649992
0.0662146169377285
0.0483270620472326
0.0761771619470914
0.0525883594532909
0.026497549083278
0.0437339846748674
0.0515362592255365
0.0590837544704017
0.0796580939110225
0.0378612574767163
0.0964494892416187
0.0670801388767885
0.0782106839234281
0.0377973448552723
0.0409551795136253
0.0613522192897837
0.0429485036294204
0.0801032953992023
0.0605540596525295
0.0379717604292433
0.0387143350177848
0.0219036195990956
0.0375122445624277
0.0693621912245001
0.0789493884399947
0.0356081522586216
0.0379443363456811
0.0408322088768563
0.0273507260470795
0.0398918402282082
0.10434570507201
0.0594341224750428
0.0344750929641102
0.0439475661540051
0.0305440250103508
0.0433132513649149
0.0438133465890752
0.0257023071837651
0.0363044511500196
0.0546513412672456
0.076372911816343
0.10215558932064
0.0301835161540372
0.0591779620412193
0.0313402285768125
0.0711048474584893
0.0252700210403004
0.0625748587787367
0.0430385096846063
0.0536549420973926
0.0348804534524363
0.0433304575655711
0.0498635921006115
0.0407983779885964
0.0686343641687353
0.0521161128330406
0.0839494294298703
0.0751437314094058
0.0660829627946689
0.044676632839179
0.0630812693091312
0.0646078438830393
0.059517707996425
0.0713336061276389
0.0695782924201774
0.0354620923462055
0.0444176389524396
0.0251282081395844
0.0766204847545156
0.0908297494285583
0.0758624030909248
0.0567453790143368
0.0913741814821078
0.0548842867172196
0.0270902559639116
0.0383906474751984
0.0655828697809479
0.0549336977574439
0.0560953468160479
0.0282716861672132
0.0327630631783524
0.0827997816060747
0.0739116917303512
0.0795055243306232
0.0861355077469338
0.0511947943577144
0.0521116619464383
0.0457227093383262
0.0474484468228952
0.0347976124714131
0.0631177088392794
0.0557413309075311
0.049683307675694
0.0587923784672237
0.0460723080067461
0.0473771311555335
0.0683343337278369
0.0613395283631188
0.0435296912142801
0.015827165595859
0.0673831460980135
0.011609086553892
0.0322706546759686
0.0517787176245174
0.0617721458341682
0.0545930566832689
0.0553632584407657
0.0585387007922326
0.0998141602846263
0.0816404730556815
0.0485358712380397
0.0543083056737193
0.0368026000941357
0.0442727572496382
0.0563394868018579
0.0362936632097461
0.0413127491257804
0.057631920652087
0.0468886007067589
0.043894236358582
0.0638469258545588
0.0332640156981591
0.0400439197061802
0.0564447613054849
0.0668941553957015
0.028972966164632
0.0872750985287045
0.0580112041109307
0.0174408103050649
0.0679136179193412
0.0710100397430033
0.0553054699754166
0.0322620513624288
0.0671043876560424
0.0743462134563071
0.0256773382379943
0.0475457568425914
0.0573505782460019
0.0913188525583107
0.0779447283166333
0.05274537054444
0.0277251783842285
0.072494181398279
0.0718790980053515
0.0432215188296229
0.0647735571404642
0.0367495047850081
0.0308160345401729
0.0922302405001289
0.0720684993582342
0.0387233837860834
0.0768852322592877
0.0276854209086498
0.0554708371424245
0.0525162215431759
0.051168240435295
0.052472775380107
0.0248571466919506
0.0353558939442853
0.056485591605962
0.0922068280538224
0.0633767087834454
0.0331119793092263
0.0229244655448519
0.0522870399609809
0.0358204773445614
0.0356253211716348
0.0467339170987715
0.0574669714982708
0.0415771612439138
0.0562281945495716
0.0654101656811401
0.0407474188280832
0.0627371674898028
0.0474010902914024
0.084262737620279
0.0259445694061727
0.06219844718808
0.0594060054049193
0.038350726563924
0.0564948129672277
0.0504725160405145
0.0849278723756209
0.0404044908117915
0.0418740715501397
0.0488230373703877
0.0672104359017373
0.0469405857975706
0.0275868648287637
0.0677334071875399
0.0699552017781458
0.0436248653782274
0.0316343041767971
0.055323711641012
0.0427264394781373
0.111795712683259
0.0762666052764817
0.0396334823957726
0.0491040969688516
0.0595832675007398
0.0515321126914242
0.0400727911546253
0.091896563965475
0.0808134681734996
0.0418929736606019
0.0407408775488188
0.027725740610005
0.0559062344827081
0.0591887239184326
0.039045090405219
0.0341529553735204
0.0537706915509154
0.0515942784614248
0.0788331342978085
0.0463485832160166
0.0275649441802192
0.0603070086307997
0.0384435404139452
0.0560933527735805
0.0614020029988191
0.0616252959222953
0.0756704829386546
0.026383338928478
0.0345348006815242
0.047194785364445
0.059116626541293
0.053162756314618
0.0597939397922105
0.0257336980823976
0.089598165399827
0.0500115419933018
0.0400698617037632
0.033786334131341
0.0465005578162347
0.0848161292939989
0.069997697955537
0.0680876970182745
0.0385389259454598
0.0438709188003315
0.0651773937928602
0.0541854414826947
0.0431115573913379
0.0657573941868479
0.10466147943106
0.0550045861850035
0.0501648295558517
0.0408011579694364
0.0626937424309598
0.0552497786214561
0.0618235695767285
0.0429218824671199
0.047306984349891
0.0394571595025006
0.0908200246410105
0.0534473628932515
0.0389005434099021
0.0526727570186867
0.0511824394771581
0.024360357356297
0.0125468972322495
0.0262130584389083
0.0389349224171898
0.0607972364891834
0.0375719000640606
0.0406901154580961
0.0461031974128591
0.072771513405896
0.0362408544289327
0.0422820738617132
0.0640167079514823
0.056945210454695
0.0333404640808056
0.0637148819107503
0.0674289412012366
0.0818959221697761
0.029923235559588
0.04719232549012
0.0392941869488069
0.0595192767468306
0.0633799760546927
0.068771172881465
0.0741917048121837
0.0605964721228241
0.0263561427719578
0.0337017892678007
0.0606602075163621
0.0321135963376863
0.0371036661948486
0.0193725148029885
0.0209753051649711
0.0539055317024023
0.0674014101062511
0.0347479855597095
0.054992778123093
0.0647752283846882
0.0288945788688866
0.0962243507618569
0.0416168234164887
0.0775498698674821
0.0456461970683344
0.0658779052074304
0.0489841981681514
0.0884387807519696
0.0918438167174161
0.0321391792096025
0.0223388652767921
0.0653155344419133
0.0337864166764508
0.0446552169570187
0.0720535185376686
0.0468619148016819
0.0581515659758875
0.0800977887519988
0.0347472403104817
0.056526706698147
0.0410921472057546
0.056607892987137
0.0420711919106327
0.0460990210202457
0.0769912197167001
0.028939042418029
0.0516775644620627
0.0454146895022134
0.0331560699608288
0.0607106903117861
0.0392033788417872
0.0428246756838818
0.080061927690146
0.0862403905739135
0.0505567882049152
0.0559614965069873
0.0679798009265158
0.0287927177277642
0.0496847741073512
0.0695029364129491
0.0708147302545389
0.0606804177288155
0.0311547518482169
0.0395321306004076
0.0827182384041051
0.0543890180622818
0.0458273828237677
0.043550288068782
0.0237964117388866
0.0531130279914753
0.0568582237147768
0.0620025280317765
0.0209465033920928
0.053681046836365
0.0339884241744072
0.0276573542554215
0.0286830968068107
0.0944747493141487
0.0559199483258774
0.0244104537821974
0.0587220260620741
0.0399104555906874
0.023512969165127
0.0403968661167704
0.095638180777381
0.0790089629395996
0.0893647783878183
0.0547704523860808
0.0638008339573195
0.0258697060251551
0.0298076392499126
0.0631750949349584
0.0354591668406949
0.0310631714758225
0.0569392765744995
0.038300730004784
0.0608516404437327
0.0828127753395639
0.0903383394323017
0.0499658720038153
0.0350364845506549
0.0613954349214846
0.0500308356036183
0.051909041431652
0.0552512900242316
0.0421799039374922
0.0228475943771957
0.0266153698892682
0.0177082765048437
0.0688689747810426
0.057954044051691
0.0415131805286041
0.0413033421320145
0.0312617000877681
0.0601672924509446
0.0411781203215424
0.0565394933684165
0.0542377824362388
0.0643466173828777
0.0370390723791265
0.0483825011768236
0.0675627110278671
0.0840884950018308
0.037929955744145
0.0222478457027556
0.0482960150214347
0.0333861272013534
0.0424432794212143
0.0481898612619232
0.0492231481929713
0.0606196444607131
0.0682375581822895
0.0428371197931458
0.0517561108022626
0.0454689531695511
0.0543981277624629
0.0318872615418591
0.0859225638873195
0.0481176660166624
0.0289917156853661
0.0403722452823019
0.0260439641440993
0.0443718455845487
0.0295501271935687
0.0437670620987441
0.0461357084365161
0.050004733159604
0.0366458619154748
0.0362190789183635
0.0756924503187507
0.0348633747884099
0.0908027682069709
0.0461230168379318
0.0676606449220428
0.0645434101517816
0.0474527474057703
0.0619155627222984
0.0418178245408942
0.0625869060517997
0.0529023653661627
0.04890654119564
0.0533030852588686
0.01934929912332
0.0427776008053039
0.0219890290716492
0.0540984816751557
0.0558901288977078
0.0567723294588768
0.0363846385512864
0.0293876620971159
0.0388944764350713
0.0585104621415713
0.0590266384166166
0.0471614946953997
0.0398571946313453
0.0420693662889223
0.0350983918326679
0.0325695064145951
0.0184055986655907
0.0640188354781099
0.0634929925073043
0.0501712323925913
0.0636064658156134
0.0540983870396267
0.0766790178697113
0.0448177096088634
0.05133602049194
0.0578916192099256
0.0376885712777673
0.0406825910615635
0.0703444946571025
0.0796342837088084
0.0593212826414559
0.0793862361338457
0.0944854268157008
0.067977784504558
0.0684022840600161
0.0382057810895786
0.0442215459315935
0.0264148551337253
0.0379418346529604
0.0473595829254222
0.0939788646137785
0.0338102803584638
0.0790940327315024
0.058691058976485
0.0640546412692728
0.0440018418980283
0.0667184695302277
0.0527783184493879
0.0541348853015976
0.050903383863071
0.0531169852519707
0.0434243868623877
0.0765927140145868
0.0719693957421493
0.0635206632609419
0.0370079327324547
0.0827444646973306
0.0664781675230763
0.10086256088175
0.0259043397045921
0.0370986281769071
0.0221061412815822
0.0122709950596538
0.0522176635536495
0.0761385285046702
0.0300100331738382
0.0361971555483552
0.0450428704145176
0.077825882259997
0.0573208218227531
0.0871974528546657
0.0474401209841058
0.0490537793851845
0.0384191963989902
0.0641432297335361
0.0577579615634186
0.0531242233844475
0.0490833978661198
0.0689762718199468
0.0522960322249852
0.078332222404215
0.0433271952245445
0.0331273818650294
0.0382787702890896
0.0309229126901655
0.0496802728642913
0.0495925291416975
0.0452837857698822
0.0633560196049013
0.018788657523386
0.0632124228245831
0.0451863492975949
0.0550222098370683
0.0455898330302764
0.0511405174223676
0.0770249022495098
0.0456739287126603
0.0425939760924809
0.0510555256048877
0.0236308368606679
0.0567409740721734
0.0592824783524231
0.0606499202095232
0.0634070292590397
0.032903383624317
0.042153004891752
0.0528646059594054
0.0335994261173032
0.110167996937367
0.0292613217589874
0.0638590159178187
0.097066616543118
0.0629481914593039
0.0451293386240265
0.0501181475525531
0.0575236126949645
0.0740672347676174
0.0330468604917943
0.0396002208446948
0.111686734984033
0.0468199106567488
0.0471596194415021
0.0430696286967817
0.0458569143326102
0.0290763448961651
0.0565262081503771
0.0208517471725505
0.0757547285359661
0.0295708459535155
0.0452809143396764
0.0372773181863729
0.0799091757095472
0.0430109365271497
0.0688233154878891
0.0425838934376385
0.0502731422593917
0.056655457083671
0.0779279288593004
0.0668084382977236
0.0799497520331442
0.0325461397860589
0.0306490828340034
0.0535578227524041
0.0590803141544408
0.0762988397318044
0.0645830024653967
0.0249671993819255
0.0562937127116451
0.0376716743285447
0.0497536396776372
0.0456721540161412
0.0595518055051576
0.0622786545273959
0.040998300542385
0.0824595722288192
0.0672178121013581
0.0349637462347265
0.0381604997465981
0.0466034513747539
0.0520801868691877
0.0341743864552171
0.0584798638645449
0.0388239682509752
0.0873678423461158
0.0678875591818932
0.0686294595628298
0.0402720024437598
0.0329287460560424
0.0410544600249701
0.0486344981586235
0.0713957750461082
0.0404975022642716
0.0314505675967559
0.0595328493796357
0.0750260148214378
0.0532056412957838
0.0599053967539054
0.0460843190741405
0.0759710947375847
0.0463122840377331
0.120391493687415
0.0596165116005077
0.0585231191663256
0.0653748786122737
0.0657868562167608
0.0222924541577704
0.0310945895489079
0.0505442406590477
0.0906720164961625
0.024239885685034
0.040482077075671
0.0629535987394249
0.0346512977085915
0.0426094699506968
0.0436851896821012
0.0541411434957579
0.0298001072126659
0.0732542842305645
0.0514807159687132
0.0556071068088094
0.0811250363758872
0.0612479251735818
0.0463846648895597
0.069744732400577
0.0159466233204115
0.0580415652172885
0.0318315964991331
0.0276259731281549
0.0652585472820004
0.0429288932200455
0.0320572387199926
0.08306782125597
0.0672209447599884
0.0367956214580492
0.0697360981225369
0.0754976428878106
0.0836656553668007
0.0528537980156049
0.0615992699616641
0.0617580813280357
0.0403131045947581
0.0410254755514456
0.071639831689302
0.0474331658803585
0.0834436386316713
0.0796757887501612
0.0441682536144607
0.040505022736174
0.0544966094259381
0.0693560710844617
0.0662151536398287
0.0414298302793164
0.0648164056514822
0.0627054599526447
0.0499865172423555
0.0620766942754092
0.0429392347243263
0.0508790807719787
0.0488460677215697
0.0959609122955221
0.0605732940045941
0.0715372128129504
0.0499321067286702
0.0457918824639679
0.0506310613775614
0.0528723495590632
0.0998755839662976
0.0637202089069962
0.0662988919669277
0.0575747023923059
0.0824670693393619
0.0965967041668387
0.0511810290083952
0.0448837461786856
0.0585001683795963
0.0354790134985971
0.0722352034825577
0.107703077915028
0.042965419618565
0.048409821373899
0.0453429242653195
0.0399226167919794
0.0491523848485814
0.0430886830581733
0.0428618446545975
0.02927967777271
0.0589832540898126
0.015451003192466
0.0608314191264962
0.0993722496008693
0.031116767169321
0.0621193111995278
0.0918791167174831
0.06270205035085
0.0395900018995757
0.0590282039015981
0.0696526395858921
0.0482339664708299
0.108766172222025
0.0612868421411902
0.0324708471608848
0.0252441011338056
0.0441066532319242
0.0378986813654693
0.0671156085304731
0.0722869791045466
0.0331631716993325
0.0406121932962475
0.0460402740230094
0.0467722703243749
0.0464489663818892
0.10086541564516
0.0671307268912208
0.0735386234071744
0.0515388609238509
0.0397273569762457
0.067231820288796
0.0398572356446695
0.0388918914554341
0.0280383852187405
0.0927312145850364
0.0502506127639842
0.0640255102382812
0.020662468955541
0.0632114791069937
0.0844737901184548
0.0385702197700721
0.0373298626922691
0.0333408918436569
0.0699016836978171
0.0701530201366951
0.0748935996860414
0.0411412006967771
0.029276925472881
0.0406640489316253
0.0678556261867673
0.0392027175493863
0.0623235121753753
0.0782996217721897
0.0322879608365634
0.037613470195328
0.0344106907873446
0.066066360597842
0.027830561658719
0.0586417286507907
0.0609255760958697
0.0440066069601681
0.0625163895149668
0.0542258764839179
0.0441759401891214
0.0595560061061882
0.0546923984467019
0.063206291608716
0.0984239599693432
0.0665005317912084
0.0328446015216064
0.0415049290063092
0.0362760247038227
0.0313675428451236
0.044337729035212
0.0390561441779893
0.0549103553815498
0.0370572314227804
0.0592582538631032
0.0685167254977909
0.0687839206150654
0.0402737739710333
0.0197756059847089
0.0595014813146815
0.0779455279391024
0.0533479478584126
0.0496635250830371
0.0680373021215194
0.0665435966129288
0.0348975140458064
0.068060388880032
0.048768784574504
0.052678852229322
0.0792294076576636
0.0611455825555822
0.0599282635147077
0.0464256626547163
0.0524226623564557
0.0625010677491476
0.029693605692676
0.0664033656828896
0.0889451046612462
0.0747368924889256
0.0694490173897556
0.0443670252175118
0.0698597286094395
0.0255073633040056
0.0521143041919643
0.0375490242012409
0.0543963127370492
0.0216908968590938
0.0625697564095109
0.0408313312572614
0.0582273221639581
0.0570134368083344
0.0407644140388553
0.0321037546678443
0.0762898485700694
0.0411591460636498
0.0288664504514792
0.0968246811337556
0.0487453259371596
0.051065604155999
0.0648881796869737
0.0651195632373876
0.0576368898034304
0.0780869792125705
0.0833475398153894
0.034076413814782
0.0788313649201015
0.0639254307545107
0.0107478576817873
0.0206751775523208
0.03881086310692
0.0342973520279697
0.0363706908817468
0.0812035935829404
0.0863209608501662
0.0918297484135585
0.0510991514876737
0.0208451444472206
0.0453458309814502
0.104619046144445
0.0614733602359848
0.0695453669604939
0.0302441414946883
0.0577503941080706
0.0244790786338287
0.0678138015331012
0.0551660734939919
0.0710482640679295
0.0522084986169261
0.0634190471923006
0.0538076979847779
0.0342893723127405
0.0248339013894402
0.10742826830935
0.0473506996591901
0.0528737188577116
0.0551004213187415
0.0400404867221533
0.0578849797747366
0.0466485115793812
0.0429196713075062
0.0317855490039868
0.0507193315462333
0.0655545612846852
0.0714265893443627
0.0326936690714459
0.0338527040883269
0.0636288599811205
0.0405008424126906
0.055467450846983
0.0363635438860551
0.0561004038582135
0.0627490932206489
0.0815710237865091
0.0255641140713808
0.052988933726771
0.0366947540049145
0.0414099997399057
0.0461724770735246
0.062233066094867
0.0185370760275267
0.0915883371250797
0.0744641141197479
0.0632010046319843
0.077114546312702
0.0558213252918972
0.0540406778502116
0.0324919226180198
0.0541971111229631
0.0699350213106442
0.129019913116912
0.0492472497189286
0.0935419912391894
0.0511577478682702
0.116553715357453
0.0247727467939405
0.0615337170507961
0.0769002656572313
0.0528699417478208
0.0251781382962623
0.0224089466781819
0.0636552031111246
0.0190406244613188
0.0715158276365097
0.0509812775539294
0.0412701697128762
0.0798140117804819
0.0297531413924445
0.0762054825270106
0.0677458952746391
0.0708088232787594
0.0655579673807209
0.020807522290866
0.0362639325195998
0.0570001420527093
0.00793958578345426
0.14010104663154
0.0683051955570109
0.0635767995194529
0.0901920952852441
0.0753013992414443
0.0689565242636706
0.0475805123331021
0.0604436761740522
0.0354248382596138
0.0329788636776624
0.0466170383932859
0.0495222770493759
0.0830458947094579
0.0581282115836776
0.0543336044982374
0.0475880981624894
0.0744090200929268
0.102075565724842
0.0437593826112286
0.0451624781033161
0.0382428435607764
0.0433672683280754
0.0324865493724555
0.0674042308015559
0.0526909455464594
0.0203036993363312
0.0342110676970823
0.0402172938755757
0.081918611018345
0.083043070910547
0.0332545867626107
0.0425323877670036
0.0989469949444709
0.0827054039625826
0.0869015999612543
0.0422159508805495
0.0663579188311826
0.0571890913125103
0.0399998785037743
0.091664401905543
0.0626746815870701
0.0342146738977075
0.0598505183265624
0.0562203263081267
0.0346774122189843
0.0595092853059194
0.0489579862260633
0.049152260404435
0.0496658761550413
0.0378543207202157
0.0210542470431636
0.0570583066288709
0.0427731873525666
0.0410631716947151
0.0577569791399557
0.0314687428834562
0.0557615207116644
0.0427670534969668
0.0735858420245084
0.0662517383165721
0.0964139912548558
0.0380867742895285
0.0901480559958897
0.0624951449630912
0.0513268947516237
0.0468794699529229
0.0566107277721324
0.0380147672784743
0.0235203834058321
0.0401741812469618
0.0681677070961734
0.0460307961091142
0.138455465633066
0.0271886656427589
0.0576267807693523
0.0656231670188299
0.0462621541520302
0.0649276682045261
0.0531429548961768
0.0479387619844492
0.0826935943913944
0.0797330211259603
0.0406645467748332
0.0624719460266746
0.038978084571172
0.0940287771942173
0.056542493261975
0.0419853210126227
0.0581718141473336
0.0292597780334934
0.0566327617218168
0.0304909442778391
0.0336143557350869
0.0556093130057144
0.0683327207361157
0.0366441746424615
0.0407089738883939
0.0629576154728504
0.0312377047672659
0.0742147213089165
0.064962608272562
0.0752007597731776
0.02816266505541
0.0654506347212966
0.0621459997976618
0.0823754696701093
0.035282927189595
0.0293408929227721
0.0364343480777709
0.0286736394166575
0.0384632662513818
0.0545391793384076
0.0391028543927243
0.112177473696982
0.0440988196547439
0.03677646925423
0.0434123565389358
0.0356570552324167
0.0541477457638548
0.0365715546862419
0.0674222267880822
0.0503790959233315
0.0571739412282297
0.0613582295051589
0.0373540260799613
0.0524649683679238
0.0496749771322081
0.0388880475205377
0.0434387646436074
0.0457008490318916
0.0366666056118547
0.0507696949517999
0.0203997973506857
0.0789518304331285
0.025651377694067
0.0720954420500598
0.0555485664369753
0.0879320475246975
0.0308487766489122
0.116859359450823
0.0610148180011287
0.0451647382973725
0.019852517416481
0.0117043766490047
0.04308867708486
0.0343440822853908
0.0385892916175265
0.0607126579199963
0.0456861069668302
0.0466141492811842
0.0628805843038464
0.0504280781520142
0.0472479716135031
0.0219078665602639
0.0621224285227407
0.0662055779646087
0.0355514510619148
0.0475355187169973
0.0332313637445962
0.118292972058699
0.071158393432862
0.0551566279073856
0.0297252386855162
0.0726435330719741
0.0306938712811789
0.114631363123262
0.0852674743469481
0.0353541256088251
0.0394269866613136
0.0419947612672363
0.0712833773027531
0.0559783877621149
0.0288847758435324
0.0880365600676889
0.0467912039686743
0.0735336579256656
0.0337873314658389
0.0591919027597157
0.0636656965833732
0.0595955458524514
0.0620545773755601
0.0939698648962732
0.061166776535949
0.0770891647079426
0.0753712165884457
0.0192543675100684
0.038146626406745
0.0697532825543462
0.0420859731511889
0.118545377483139
0.0502093770575363
0.0289843039953792
0.0907248538182969
0.0694708286698859
0.0512597477849577
0.0601422431342307
0.0514792233688771
0.0537656496051499
0.0555042751164354
0.0522002009050334
0.0423603219560441
0.0215365696233137
0.0835077232647862
0.0633527001510127
0.0369258016933392
0.0487123805697914
0.0273294990465109
0.0622903868389145
0.0813611670880485
0.0391852596903887
0.0803431425297026
0.032103643404263
0.0656710676298392
0.0743476648980055
0.0401135403502597
0.0783280878753007
0.0708442807422768
0.0443514392284802
0.0491842089728735
0.0906466540756417
0.0597547799335827
0.0624969891372903
0.0527481305565346
0.0319154809321192
0.0463935469330159
0.0538821160653736
0.0813781254831129
0.0793263175759856
0.0328243309073588
0.0548687475088943
0.0593807219700938
0.0546568901624073
0.0717119322766523
0.031031238114398
0.0788606451568804
0.0191544099909543
0.0565895736066185
0.0628260291322947
0.0570087177311904
0.0386382373438164
0.0721975438051347
0.0120818323251882
0.0740710959375869
0.0255506453225859
0.0383894836441339
0.0592574691709098
0.0554476118735686
0.055632618238304
0.0050319988029656
0.0550302582462617
0.0612181187953942
0.0511143452297731
0.0283499696721641
0.0316924300308835
0.0400353492851327
0.0666058592088773
0.054598815506927
0.0383060742889944
0.042704791832807
0.0455224640577213
0.057363043668945
0.0351428786469797
0.051583196128813
0.063472811104387
0.0525870487465825
0.0491858865548055
0.0551326897036224
0.0649982460026515
0.0481707880082193
0.0326549290268674
0.0775603556944218
0.0489743431750337
0.0554266853421719
0.0565842192713097
0.0342726424506685
0.0230083514259303
0.0697823383820127
0.0328241023686749
0.0457926864807608
0.0725860894868822
0.0825452493326571
0.0878530358236551
0.0163402081536275
0.0256328052025377
0.0669132064500152
0.0518567154654612
0.0460789019231526
0.0477683290119843
0.0602697606818549
0.052682083228447
0.0582671805596771
0.0222929962979117
0.0250015408995616
0.0470379705042599
0.0548696803446218
0.0522806950870836
0.036522996629826
0.106318594452755
0.049310463597519
0.0282263565280761
0.0684295985458297
0.0561182088157194
0.0325984482233401
0.0361271080628603
0.0720109160648525
0.0315163624466086
0.0440489730025652
0.0307673869137164
0.0358608286469447
0.0656423241757962
0.0407106680297715
0.0470381911863362
0.0765186845074042
0.0592455368013435
0.0360532496812548
0.0691250317741359
0.0603729062471886
0.0377288706716845
0.0470191333495268
0.0604394812951309
0.0363169190966398
0.081414568719061
0.074357292135793
0.0382987043006738
0.08206834827581
0.0879802547905069
0.0501882285914472
0.0407265524852317
0.0440282899040242
0.0977479787032108
0.0560390606509295
0.0497241058103427
0.0772620020398951
0.0417332889041307
0.0564223633296794
0.044836034981653
0.0493282154433771
0.0446376163469486
0.0435177991351035
0.0753257249291412
0.032548044505246
0.040950553132753
0.0357484422216553
0.109090896110706
0.0557037653201161
0.0514779488396844
0.102170474663592
0.0479322040399023
0.0443464229560699
0.0343196932453629
0.0360006973855743
0.0769172363641678
0.0745881569718304
0.0413851478062464
0.0523499809732793
0.0822440726229413
0.0457211816969846
0.0532680048573877
0.0288059012929307
0.0449541366263347
0.0603148660247696
0.0465387536944432
0.0605356481434717
0.0356544711775799
0.0535020013587179
0.0690759424185034
0.0365459065180367
0.0445056864954041
0.0556347834921131
0.0216597177928473
0.0681439271886075
0.049038782232362
0.0265874928049609
0.07028967140795
0.0510857852165903
0.059136214095289
0.0345173445425573
0.0978791963507831
0.0400206409780532
0.0424547972045765
0.0445901006369072
0.0964357197488581
0.0566748812328519
0.0473886812322852
0.0498037406165943
0.0186048345394448
0.053913593770397
0.0317567031028864
0.0551008282933923
0.0174599751604906
0.0696535146358825
0.077342328379587
0.0433197704061117
0.0233181210765476
0.0537489299685567
0.0455894717344074
0.0344440785597835
0.0565327190215133
0.0627795987484656
0.0662252243633513
0.0643912204596528
0.0486428176319299
0.0498558046123703
0.0408562254017711
0.0396881495505951
0.0401042357323705
0.0444196622255186
0.0181752983709146
0.0499864399323174
0.0815534754541779
0.0593526817643015
0.0553614502501934
0.0684006306373604
0.0399546063250551
0.0506516721849074
0.0248119053496492
0.0447553956006691
0.0554336608789854
0.0487601093396686
0.0419742453035459
0.0855291375537233
0.0450062150981177
0.0548593845920138
0.0656131022427053
0.0466618039173371
0.0707849309481092
0.074429080257632
0.0511192175143996
0.0895222745360681
0.117128161719195
0.0436105044059639
0.0389762346387762
0.0459214154270358
0.0377855685567688
0.0340762550925987
0.0290019632773504
0.0637377895021145
0.0407900361627362
0.0477410129710665
0.0631140397202446
0.0553237461674786
0.0562343777033962
0.0418937844895777
0.0583781267543431
0.0610076201907548
0.0698643104019547
0.0529121654225396
0.0787287400490141
0.0629479818973221
0.100164442855187
0.0341230069670889
0.125568619709688
0.037549071120968
0.0574905777872969
0.028932723273401
0.0617619469716436
0.0477775546294271
0.0456038519298768
0.0327872557452464
0.0687568439053917
0.0408535162268276
0.0656228733716249
0.0474472237802878
0.0474608803950815
0.0578623261740394
0.0619986510803455
0.039890545353095
0.0350180543250945
0.0484094773800453
0.00865025407062302
0.0425116379481128
0.0711805110439962
0.0267722507104204
0.0963046434489948
0.0687245745489931
0.064929657740551
0.0434682037634657
0.0672707063017572
0.0230573858670434
0.038562715932523
0.0532242147113059
0.0510498275330866
0.023329089891663
0.0700112286282177
0.0734466529318634
0.0519234718181397
0.0582224580164998
0.0429921508934996
0.0846488571451839
0.0477788968364243
0.0453294587577023
0.0309641402673148
0.0392834903637117
0.0363971185546639
0.118857450665228
0.0643485701208744
0.0919439872468172
0.0445082953710147
0.0656123483842927
0.0491537930379067
0.0481430859798814
0.0567179318244084
0.0456493197721239
0.0467137013430108
0.00566734676468543
0.0357543146304284
0.0286245503154627
0.0445421043296897
0.0507208394973136
0.0654787611928558
0.0591321969233712
0.0433598057550058
0.0441915067082179
0.0218714248710988
0.041273130529311
0.0320578997209077
0.021980206336126
0.0529142895350203
0.0393432328806927
0.0463293625981789
0.0510489362452689
0.0508538444483859
0.0575307628569253
0.0339255199715509
0.0488545906889363
0.078873516339586
0.0498776285844985
0.0650669617203553
0.0705330117932433
0.0776559834675795
0.0350371790213988
0.0636146970996696
0.0665108531864547
0.0916054853716305
0.0363878992846183
0.0752614105929858
0.0580245029644639
0.101467311950469
0.0442207417779219
0.0376605245007408
0.0447130393518807
0.0385986272721963
0.0227523811162306
0.0359415535504696
0.0511695723591834
0.0487667063137739
0.0168873819025362
0.0889102372316469
0.0563915699298011
0.0283216552896215
0.0380003862092555
0.0282692019389866
0.0621761984165849
0.0686505194818335
0.0618934642707844
0.0802717300736071
0.0802710586972031
0.0369403754195515
0.0422423563231016
0.0430460065125678
0.0837838889937908
0.0269189511358616
0.0274254292998798
0.0446163926998817
0.0607148861266897
0.0608262362477984
0.0626809636147548
0.0314729144189424
0.0755121472732442
0.0935460030026189
0.0718139001220673
0.0357082104088754
0.0124204140022577
0.0748349728877409
0.0540951301634454
0.0668459226275399
0.0604740513647306
0.0606533251578844
0.0355595426638184
0.047829339626192
0.0783419624197845
0.100662056020653
0.0828760061199264
0.0401043254499947
0.112486157534737
0.0293978262317382
0.0785080974357704
0.0543291290146485
0.0835479015595975
0.0262292233548307
0.0604779587376529
0.0834122437648509
0.0366590946776063
0.0752913813036299
0.0427525810329673
0.0688487946549886
0.0432356999624411
0.0490298018302585
0.0708359601580938
0.0452572818775486
0.0705018233625209
0.0340355365379576
0.033679400349572
0.0344406420968492
0.0506529343923819
0.0638166824044799
0.0455916564418858
0.0705967837308358
0.0701659976562971
0.0340311338865749
0.122922391748568
0.0529917458717645
0.0307545826367696
0.058916075288003
0.0377288478552574
0.102455478776759
0.066962479420508
0.0451462628412193
0.0616993777688564
0.0663750198224926
0.067773563555473
0.137654382865131
0.146854615914845
0.043116092618954
0.0286027173547133
0.051937815462904
0.0727589392177298
0.0715646118502088
0.048582531694596
0.0405795641411329
0.0603694076034131
0.0438742900032057
0.0479414389170724
0.0542233101522244
0.0599614430015287
0.0399744726529282
0.0436492919494871
0.0359575237611748
0.0629940998138343
0.077428792537761
0.0770907710872382
0.0417899189773118
0.0478654066007665
0.104637746526085
0.0562659574068273
0.0145450271482502
0.0282831768274855
0.0451784129668082
0.0521411957454465
0.051514540206542
0.0841100126885854
0.0549102021982952
0.0522563677915779
0.0337471055283471
0.0415037889005131
0.0519760474355193
0.0791392599773895
0.0471414196143528
0.0547997271038895
0.0508833539278321
0.0429364091262969
0.0490789383451061
0.0582141343660377
0.0409241321942248
0.0505673310391542
0.0480724300105217
0.0356708466173579
0.0682354960532136
0.0314835400042626
0.0216733162544377
0.059906016509806
0.0702994927752112
0.0579131810548586
0.0406287849370379
0.0745822430301763
0.0465023952208508
0.0677278157859137
0.0470676082658199
0.046454195899331
0.0354831355216292
0.101225936124056
0.0389942462440759
0.0574172996631843
0.0373748653111755
0.0246237238070979
0.0362852874352024
0.0400071729838726
0.0733050425460365
0.0840800269180737
0.10724425407539
0.0277143144454854
0.0542281444517319
0.0797283840314786
0.0529348734229552
0.0748702964947457
0.0727784569727169
0.0559295303259018
0.0245067235429438
0.0519049542380547
0.0654222644368236
0.0384060808673186
0.0437882017632636
0.0657100803623939
0.0566615025229356
0.0427504535766827
0.0234811857353167
0.0615798089134635
0.0300459432456214
0.0415594206227343
0.0615408884215009
0.0734662765567232
0.10298552599143
0.0400133946561232
0.0710205760882083
0.0451671562892441
0.0425653218315992
0.0970860065026836
0.0509208388877004
0.0795991621249142
0.0209066678134036
0.0608593569197089
0.0453239260079567
0.0521200750742455
0.0382953277343892
0.0481366310862701
0.0244599189881593
0.065384890045426
0.0452204265074681
0.0586340843611043
0.0456447646051791
0.055341747225211
0.0282007261998131
0.0511667941857222
0.0330498863648789
0.0698052911787577
0.0366884891410049
0.0696937195997414
0.0552577838284854
0.0690429296369784
0.0346372145247855
0.0748518859664612
0.0454175650555135
0.0728596246402579
0.0469751476578642
0.065146813776622
0.0835431825505921
0.0333100859159416
0.0776615134937573
0.0450116317341086
0.0641504957865287
0.0886195673823612
0.102499469482743
0.0498309597385661
0.0507017006810612
0.013818649633402
0.0651270018832555
0.0651539873708959
0.0504863644524092
0.0837519518149698
0.0595105993095864
0.0277691071506275
0.0518760703626812
0.0597759341666305
0.0514719168690116
0.0522036787036729
0.0416817474286804
0.0373563770153064
0.0791422756925461
0.0198691969467738
0.0393500361333005
0.0571578391732022
0.058975297324687
0.0384125436275907
0.027823348464988
0.0561168720713691
0.0396203633908402
0.072641313444127
0.0484796881637714
0.0524135602718399
0.0612397850045098
0.079935492387592
0.0365015954924145
0.0732303060073069
0.0516487093632298
0.027010397997416
0.0619766854546951
0.0744552749071666
0.0437824902239138
0.0401707767787607
0.0850902733494386
0.0580524369578026
0.0596711525595722
0.0508231810663862
0.0248795859501167
0.0512189939188033
0.0109733966073279
0.0575528366833381
0.064339292069537
0.0630960425567907
0.0317154283522308
0.0849034525875112
0.0264185293655872
0.0306343103649465
0.018567341737775
0.0342786638043472
0.0397206628220328
0.0591275712093809
0.0390164976031898
0.0479193647942844
0.0974416522486899
0.0349350260858699
0.14937871759488
0.0486799894192649
0.0550723509987534
0.0794466046450234
0.0471945430800446
0.0704292035007133
0.113203126311497
0.0556075851275332
0.0460814470442836
0.0620305240026695
0.021136506863321
0.0565123397373487
0.0808108576868557
0.02577999619226
0.0556017978579492
0.0688178129619706
0.0875178536736561
0.0648765096035726
0.0862370607634476
0.0748455509567331
0.0574372957681924
0.0570800594145899
0.0399469604998699
0.0331436182348155
0.0463748001834127
0.059060675639034
0.0635882528493684
0.0229680124600413
0.0269312273063902
0.0459792977472499
0.0886467748410787
0.0409176496560865
0.0672886300140461
0.0375179163697098
0.0877330229693676
0.0374791295952545
0.0670451981613659
0.0440405821417638
0.0491873154754566
0.085513458810996
0.041183620314773
0.0741687339324771
0.0726748659464711
0.0841960653456953
0.0525584629080558
0.0394490025316096
0.0558677671883678
0.033768834026798
0.0561274079075595
0.0531915555934135
0.0787103607609538
0.0390997554841738
0.0650752399101533
0.0481058147561406
0.0288445969543161
0.0504186451273928
0.0245339422171798
0.0844105862947016
0.0119934132811852
0.0707869180896065
0.0427115959956631
0.034901379486547
0.0457963858027857
0.0384266028114061
0.0764512637866596
0.0818372209984845
0.0880839749807034
0.0689842099112945
0.0402129663467204
0.036005243877664
0.0406355948292951
0.030618817356409
0.0567443435689922
0.0329508020693233
0.0591277737619852
0.00918027927543799
0.0682861718443319
0.0765760195577923
0.0310822901930165
0.140359283110272
0.0484796929365664
0.074479379463977
0.0707151839508545
0.0291333276388361
0.0406154708860198
0.0437802096224528
0.0491045499415857
0.0724636067069788
0.0613867818586102
0.0266292425707765
0.0294824571382064
0.0283844400908711
0.0604731743542244
0.0385756987459935
0.0370769840017645
0.0327322652019239
0.0823514206188209
0.120763565237332
0.0624954266752672
0.0435295773063304
0.0495120712783476
0.0289526714841095
0.0395702031926542
0.0444146367856499
0.0787560560449628
0.0554575954029575
0.0587847900793225
0.0810868834573889
0.0418827433479771
0.0561397156960343
0.0474464208256749
0.0647885369086603
0.0406377366209034
0.0531391071663468
0.0518608111564341
0.0386265476842796
0.0834372012655994
0.0465786953868394
0.0345282155842543
0.0987115859752025
0.0289953651574229
0.0649712868012266
0.0327603844119636
0.0490842673548164
0.0316925192156125
0.0454626572690844
0.0368151838651199
0.0416004229105892
0.0832893847631593
0.0644567255683985
0.116333370884101
0.0602172915815331
0.0575784034226819
0.0435714752148328
0.0484026626076644
0.0500824127223133
0.040383657638068
0.0484333179967689
0.00408182847151142
0.0600653996770996
0.0558017687225486
0.0832608397739082
0.0673176250172464
0.0211449710920101
0.0466841661724898
0.0571104306255245
0.0756947577999482
0.0338685784671627
0.0450212016443371
0.079423787219104
0.0404695678790607
0.076599229581722
0.0698560146339058
0.0376188141061504
0.0833291868900481
0.0577993853456455
0.0300644802179085
0.0443981434459104
0.114249442242652
0.0559813482976564
0.0406120708516947
0.110534791471567
0.166267024426281
0.034850226924942
0.0222325117396988
0.0449583415215248
0.0303929641229612
0.0759280740606131
0.0475666741969338
0.0327171103557226
0.0439144858009039
0.0424320472511683
0.0713315758113259
0.043637481413964
0.0940058838709236
0.0691877378922201
0.0579151467992899
0.0483131010424902
0.0526943200413951
0.0450425141777796
0.0350675409502863
0.0717139360015055
0.0523716186574864
0.0555503758000295
0.0230661704417307
0.0226210111322048
0.0443153396390891
0.103924076492592
0.0676986832566534
0.0193146455208026
0.0536008740108263
0.0799606504160173
0.0515545397351319
0.0273422171747311
0.0344940020048192
0.0556377057308461
0.0569183453182564
0.0719705947922059
0.0558351168822731
0.0421197372338854
0.0540524183808639
0.0740579353474644
0.0417104509753041
0.0614598098252142
0.0331437437359974
0.0419962534843238
0.0412192797435085
0.0826104129353707
0.0386147710732976
0.0201263407231901
0.0424739591562527
0.0723661619741028
0.0278662680780519
0.0393954144059683
0.0494832944337509
0.0403116456605673
0.0808635118359602
0.0458547404022943
0.0345502776601117
0.0640207422343205
0.0454837885802754
0.0403302007933243
0.0735372125917121
0.0415313028941519
0.050349187108111
0.0531614316528774
0.0463580784381036
0.0692401276295093
0.0592144074872479
0.0839222451363243
0.0557969066852316
0.0976051566500331
0.0227437479007979
0.0626628450606592
0.0598728437754172
0.0869365842755322
0.0890423402646465
0.06449462684218
0.0297054165839566
0.0325647491566021
0.0604927941203221
0.0431263975230316
0.0567212219171286
0.0406508632509788
0.0224584482613464
0.0327029413892711
0.0523423995709401
0.0496428129236652
0.0502368580089729
0.0668094436646608
0.0556712810406183
0.0357912404108564
0.0658018191802614
0.0261932043303639
0.0506298332175373
0.04817401159292
0.0999950504808506
0.0721859155822017
0.0275458850428582
0.0587756092769284
0.063583859716581
0.0423177408690846
0.112748321712469
0.0668867310682297
0.0389779875704959
0.117750672737287
0.0786097522961993
0.0509749461987919
0.0827016008487302
0.0291077000061407
0.0312236549936954
0.0515069999965829
0.0523559204198062
0.0430734258677873
0.0429243703105633
0.082125074275197
0.0548748207600426
0.0540392573977741
0.0562854538326236
0.0537509754673415
0.0650280011778001
0.059576493889431
0.0531732295470922
0.0546905245728426
0.0309617001817002
0.0579778579492402
0.0629297988158515
0.0655973665319595
0.0915776475080772
0.0399535965698937
0.0424752113315224
0.0530374357476772
0.0864328149454731
0.0392137864432082
0.0655396934982607
0.0358026683867654
0.0651846765440091
0.0292446085456176
0.0378882093026116
0.0934344514352271
0.026543538525079
0.0482136972370859
0.0478605763333029
0.0515730324779013
0.074453231404356
0.0531204608003992
0.074062218330419
0.0697476895155632
0.070458117656742
0.0513519388969521
0.0585167023977579
0.0359678474291447
0.0666707299203941
0.0400735019449957
0.0580646706167942
0.0352222322134313
0.0397980611513979
0.0476235685612841
0.047228700833715
0.0369422645613022
0.0633451080667373
0.0497060474801323
0.012171212928103
0.0393869848221136
0.0552185923835272
0.0746825364565377
0.0441296273848832
0.0583512050567948
0.0512268239797912
0.0551148695628797
0.0242782966061257
0.0826920877938728
0.0458993513146465
0.10063945213474
0.0444096453659637
0.0628425566934967
0.0423040992739207
0.0320248836758983
0.0440665438265509
0.041221772388977
0.0559804348985925
0.0466674791104265
0.0413752662995686
0.0662479866174453
0.0367534569693592
0.0431733172836504
0.067288120908822
0.053363825258053
0.0230514667559306
0.0352860963409459
0.0851664220611254
0.0369474189217378
0.0498800090108465
0.0414737794327167
0.0514032246872233
0.0578560535398621
0.0612651769154571
0.0752727511034699
0.0380904031115712
0.0562474848012725
0.0246536387453169
0.0657456835442916
0.0527504168255535
0.0441396893606486
0.0340751729027563
0.0479806071645042
0.0488808468213479
0.0521863662233057
0.0511460942010746
0.0419732142561544
0.0241987549303102
0.0227129052100041
0.0621379329720621
0.0585058654101059
0.0538450449607306
0.0222375268478481
0.0489625258636796
0.0341332266413485
0.0372374749082739
0.0489185138310086
0.0549455983627529
0.0429009093348452
0.0574468384198466
0.0639253508768781
0.0444488550117026
0.0509748347442239
0.107846826184219
0.0521589365830383
0.0387797697345458
0.0513251822897823
0.0857449117063825
0.121984922300973
0.0501402795725115
0.0228263635445394
0.0551779967641912
0.0738113454172393
0.0383084291193115
0.073366819232141
0.102424952094389
0.0851923727275911
0.0975869756004969
0.0518522603046148
0.0424910255133182
0.0313685654311029
0.0664724040182258
0.0509633797992455
0.0610999172902195
0.0467638512152422
0.0396348460432419
0.0376586816988157
0.0681678029142928
0.0489675478192261
0.0886187647462466
0.0380316013296328
0.0639736885371412
0.036433966813025
0.0392190139274796
0.0481089464498755
0.0691255616519468
0.0698023847362832
0.0670990797408516
0.031256698461086
0.0347783075715678
0.0609412548480479
0.0277653941944808
0.0452575570765814
0.0664206123199508
0.0502137527638637
0.0183126169443958
0.0367084133769438
0.0289562257766002
0.0462167501932175
0.0838809155193436
0.0651071999573948
0.0896126884288745
0.0521476136555865
0.0583924507576102
0.0350857047113771
0.0698470279019088
0.0510814133446193
0.069614770628999
0.0483851589693754
0.0573303610029351
0.0564486135135935
0.0728596092696156
0.0749144623564517
0.0641613104628594
0.031227092424457
0.0796722470092719
0.065580039910371
0.0608087366303082
0.0395198069120139
0.0446248497615363
0.0644732651342574
0.0481933831552738
0.0861844968538161
0.0333025636394317
0.05919010759358
0.0854694843417351
0.0491245012244159
0.0627901808002023
0.0560510014009693
0.0376530166370515
0.0338760696285058
0.0100140006935523
0.073431613253242
0.0481371820902333
0.0682108642933174
0.0363735679536378
0.0479328083933498
0.0620519337663166
0.0669150500112296
0.0587065552008878
0.073026114243805
0.0581786961885788
0.100802147625285
0.083061583090895
0.0355265765979237
0.0257771184293655
0.0665795217821279
0.0239730737711198
0.0713700706954939
0.075546801411138
0.0481260475701032
0.101215726291961
0.046690010513669
0.0328168930978622
0.0334984019360137
0.0466115628599888
0.0630574821475874
0.0369013828653705
0.021671454107553
0.127924492819042
0.114560527420942
0.0966746121786862
0.0510783885751483
0.0642101265188723
0.0733966526529869
0.0527740303405715
0.0615207514343747
0.0424090429038566
0.0679991734944068
0.0564671420362401
0.0407999235412093
0.0469020471933593
0.0894337163605331
0.0307954417608864
0.0772502932401111
0.0818029250754661
0.0474634308096916
0.0388445985028137
0.0122289523077372
0.0362020914299704
0.0507514251029232
0.113377471632338
0.0926898368817806
0.0458033846795347
0.0335229395632045
0.0519414812061682
0.0330140611703802
0.0444697804536104
0.100183298434795
0.0440078205547544
0.0378198935528819
0.0413845898544147
0.0616669759533231
0.0712994150238068
0.0366772531405337
0.0836866696783786
0.0408105442648482
0.0551423652302455
0.0695290561317349
0.0466667969661357
0.0467944645133104
0.0634576558165745
0.0401956037658703
0.0577612869106504
0.0616385383347488
0.0936695391355131
0.0487722717875995
0.0558036671936597
0.0479275547477651
0.0459719805536202
0.0201209134551114
0.069591255122716
0.0633404395613836
0.0241006009617055
0.0388381846376415
0.0260905042566152
0.0398676140936837
0.0245039579546437
0.0232087554770848
0.0645641449078142
0.0458686578161225
0.0694782166508607
0.0810581996261873
0.0321118088470806
0.0550569013418548
0.0404898976372824
0.0396635650870672
0.0805385322583674
0.0647284871068588
0.0517470125265522
0.0743987432090416
0.0388531416201447
0.0453625839331693
0.0442328476646934
0.0531536458079926
0.0560739455831346
0.0541295444969358
0.0441537617564295
0.0602303637340591
0.0443255644287389
0.0450086551706279
0.0488241723232883
0.0589493014443646
0.0634621517258583
0.0341261245759369
0.0381692255067052
0.0557463081626398
0.0271733483220564
0.0598944257893663
0.110521709495838
0.0255175906348629
0.0437595396094591
0.039860659326826
0.062737687025753
0.0681465989195975
0.0212743333961217
0.112269304330464
0.0454194325612561
0.0745511093668022
0.0440769154934583
0.0859169361068611
0.0588705291375498
0.0563780736121163
0.0459455810725378
0.0421511924035908
0.0364399317948829
0.0561092747277829
0.0364788496288261
0.0534567089934088
0.0723681753635652
0.063038109458759
0.0609226768799681
0.085268748493383
0.0448338273767297
0.0361981924359835
0.0616789893904766
0.0548649209178988
0.0687163990503609
0.0702692174866773
0.0425732988007559
0.0405088789920931
0.0497697940429795
0.0582709669307141
0.0325221497966209
0.0753469615227294
0.0479328859238103
0.0450722155119275
0.0533712381671913
0.0455970456472189
0.0507056063863331
0.0407896669838133
0.079183177501811
0.0288088135387698
0.0454661518055094
0.0320247217065375
0.0223818795689428
0.0539544207860393
0.028306573802156
0.110400060613027
0.0645672168266623
0.085269539912742
0.0223466120135182
0.0444149664514753
0.0246332878978613
0.093099133194973
0.0633720772569315
0.0770602735842129
0.0860253411243214
0.06898179576576
0.0346474873704637
0.0525958145010089
0.0556893607520516
0.0751805617250845
0.0520405389865624
0.0934007947457499
0.0654723907339232
0.0222018578014683
0.0795829893137915
0.0743169127245429
0.0607244664038496
0.0892054828584427
0.0516716200407303
0.0849296176771064
0.0984176550073261
0.0842185012164939
0.0477423110141423
0.0436474913471878
0.0491128987727893
0.0684156220094357
0.047657923769354
0.0448552771304214
0.0596278173008623
0.06637994478813
0.0290853138316046
0.047412530220592
0.0644882856005058
0.0528351584568784
0.0461018342329226
0.0414728742352308
0.0515777318720554
0.0398545429304481
0.0693776866429524
0.0377079645083706
0.0819897107612933
0.0513592644465945
0.0590456064612715
0.0373353944936064
0.0413617267713281
0.0513571728164924
0.0640409512662499
0.024634779450818
0.0712281996795143
0.0731505896091843
0.0405618146346161
0.0654359061642434
0.0558539430006551
0.0683802890582334
0.035246228430366
0.044505936045844
0.0662292567854032
0.0871879849068733
0.0255913828263183
0.0576014719759933
0.0373183833699805
0.0433092130029623
0.0358062041290161
0.0290305825550663
0.0470455708720016
0.0504120829308255
0.0419300025173784
0.048638385708133
0.0776640426704234
0.0589506684199922
0.0685877282436477
0.0582378424157832
0.0984610074565346
0.0282170944584855
0.0435909267228104
0.0463372969487285
0.0603272652881313
0.0503549442764745
0.0497544824644331
0.0432576349205104
0.0610494613025692
0.0942308871847887
0.0883308633790157
0.0423114479225527
0.0835924122823639
0.0685997524437724
0.0523991096144486
0.055604435504638
0.0835948034854771
0.0291163624078538
0.0218766093964499
0.0518754841971409
0.0502060330723309
0.0576070534566415
0.0493890815160074
0.0762504529287285
0.0712010940230746
0.0566781836979234
0.0536574313575837
0.0288727908522763
0.0467342505738482
0.0537836893468291
0.0496552381727594
0.0656736237437373
0.0745020907785994
0.01604680473381
0.0607866640493159
0.0544706002415211
0.0451805602419602
0.0305319071074645
0.0322623897230978
0.0761423376277648
0.062567678670372
0.0551422652604159
0.0154847363158113
0.0556328807590321
0.0339452657720755
0.0365180819684208
0.0382627514303801
0.0636512198548037
0.0258959966447571
0.0518965170683144
0.0805512455924685
0.0383657711768444
0.0629942940629387
0.0246096647184059
0.0259623215221745
0.0506539534455905
0.0953728427839296
0.0602216692565869
0.0639244703112035
0.0688813698080659
0.0570897526083377
0.0692942858866315
0.0393995943959021
0.0343526270849337
0.032678756900259
0.0845809790988581
0.0752942845878966
0.0593165009774878
0.0706922704112963
0.0215607150869662
0.0494218028640717
0.0967537873123074
0.0464221785818395
0.0417420408441977
0.0501709076761326
0.0753534202216718
0.0322165509366955
0.0742202905088524
0.0817160832786942
0.0535277823477753
0.0686581348849071
0.0348343468355601
0.0747510988453824
0.0979672916793669
0.0469639662109087
0.0486827431396725
0.0517584456021694
0.0558226155927021
0.0795891924082301
0.00499994543260322
0.0939606363035664
0.0712217486185719
0.039447857371154
0.0269062019292298
0.014082811062867
0.0488194238875051
0.0673067116625191
0.0615602736051704
0.0447785025116194
0.0548370280828225
0.0642728348566226
0.0506757073091024
0.0349563405572106
0.0359831262441212
0.0316637338335678
0.0538334829143776
0.0617288820974721
0.0441781841016845
0.0510507782549829
0.0803831724584537
0.0381505807381444
0.0436779469536781
0.0366503174403519
0.0673801467556269
0.0415571031604757
0.0789537881215241
0.0450484794779301
0.0456085009008832
0.0697272786566039
0.074065845700295
0.0328368484952008
0.0640816857947491
0.0631803354860669
0.0431754101125951
0.0377613015776348
0.0423299415112491
0.0698733601952942
0.0262903321530526
0.0607974353637061
0.0337096221357333
0.0552908202814619
0.0471369159094078
0.0437443576159346
0.0329590566749957
0.0477515463337282
0.0735645598313391
0.0527681836156576
0.0545823151634792
0.0438369230079925
0.0596851021612373
0.0548287339490708
0.048863471285538
0.0467949845452804
0.0725257249605278
0.0666529429216502
0.0485482723661314
0.0742274412048405
0.0404789788645489
0.0498099733066338
0.0729981651755025
0.0242089779106359
0.0673420861442161
0.0668732111800556
0.0712495038863201
0.0512309678427993
0.0591352022987779
0.0442792987232589
0.043461231919931
0.0654965179087183
0.0375678126412804
0.0399015055767824
0.0395668470693501
0.0558950651437559
0.0626482313770017
0.0224358313147343
0.0440204559305361
0.0380791741192539
0.0330960503266906
0.0512536204140216
0.0411563007223863
0.0813255339667187
0.0487385320123861
0.0495623355120814
0.0628311152229959
0.0569732458304985
0.0313797288027083
0.0427858450923901
0.0529397846372526
0.0629095050597425
0.0514812239517835
0.0501630453776122
0.0474279130520784
0.0673818481103492
0.0409978966720251
0.0328270770408339
0.0673069363116115
0.0506669315055168
0.0649721155363858
0.0666510931282837
0.0314168722580597
0.0565831804367822
0.05442560928882
0.0762049045755989
0.0736288424739074
0.0432485604103184
0.0579374027340399
0.0474915582973416
0.0647387527306191
0.0488150804644493
0.0440305966821608
0.0219944377981854
0.0891725791983746
0.024200891912944
0.0342153962206415
0.0433384186091217
0.0803036490362919
0.0555151909885227
0.0270475114300233
0.0820546623487232
0.0714870355703045
0.0527752945881612
0.0640212341857083
0.0706980651495025
0.0583289303953691
0.0853458354935006
0.0512791904437551
0.079656078622018
0.0410903240396459
0.0411555336283855
0.0567234750163525
0.0699747477019219
0.00542693376224765
0.0360326322189023
0.0362770856374408
0.0233696084926498
0.039243771072608
0.0674210639461938
0.0757578667564997
0.0823807342886174
0.0636417107827464
0.0659615475207411
0.0582611884023932
0.0454852745716168
0.0355804443406697
0.0348635169147775
0.0759976264592531
0.0350946513475991
0.0512289815159364
0.0978183935063263
0.0941302876672326
0.060756777669026
0.0305730138173556
0.0938768555649551
0.0442601573838236
0.0608385328835474
0.0358117419415577
0.0606343188611862
0.0270557790580431
0.114703158014167
0.0367090641548062
0.0470553504830852
0.0436623664147362
0.0233395354673848
0.0955281191342688
0.0365034326512445
0.0415201216376585
0.0644431151509694
0.0502325897605758
0.0783600640274035
0.0409149235414689
0.0469487625793205
0.0486939117512826
0.0725223381886281
0.0501736038494058
0.0506345797306594
0.0345571829009887
0.0639564247118063
0.0264077456444253
0.0551871538257672
0.0685286334005964
0.0359520499754045
0.035373116787687
0.0463424578119449
0.0254606860996766
0.0672788193740906
0.0712467483474215
0.0330696398788548
0.0957095925254558
0.0148900192127972
0.0230032442407178
0.0586003677944856
0.0135930314596082
0.0855916799873958
0.0494083662654618
0.0511301921727476
0.0177252683418961
0.0291853646507338
0.0235277526012555
0.0578158601189154
0.0375691711535423
0.037219448740654
0.0882987699252189
0.0400075578301413
0.0453631634890931
0.0593236091540741
0.0444071158019488
0.0803234651956373
0.0441559426741064
0.0608209402149347
0.0723731677055835
0.057158967769243
0.0168205385654923
0.0372199913736791
0.059183497378523
0.0981554287100659
0.0800790192966052
0.0742432317066188
0.0469862885754886
0.0534869451716185
0.0496122561588886
0.0381514097576872
0.0421910455456962
0.0692679199086642
0.0553068170277475
0.0639865566950307
0.0789293492533018
0.0333012006560889
0.0393032323422943
0.0515206110206571
0.0417080841455134
0.07077234966545
0.0698952220717033
0.0664436631469476
0.0901184667662578
0.0363884078070161
0.047311495280838
0.0739846856601087
0.0801840854245139
0.0553171476692356
0.028948325653989
0.0247436876525321
0.0811886879884171
0.0576878507352036
0.0340763134282355
0.0395327708463592
0.00128611237909705
0.100748516141889
0.0512964972216966
0.0228055787580908
0.0744959795525525
0.0863022407426942
0.0493402255003032
0.0519945979123044
0.0296612943966567
0.0356365885384607
0.0246135403037434
0.0530700862832534
0.0475322179023129
0.0423787188902258
0.0336409615602481
0.0700413972272046
0.0582451428639843
0.0610356791246319
0.0375692846191112
0.0543995933131335
0.0274413244541998
0.0281118187770874
0.0586256682890998
0.0647080242256584
0.0619379475643078
0.0598660302915307
0.077891658247442
0.0669136899945955
0.0378885972672877
0.0476324367937783
0.0410219894135259
0.0262228434077552
0.0279604054974951
0.0850851976179631
0.0535267664602682
0.0496552832665584
0.0766950420847666
0.0433658227522409
0.0578120644995219
0.039452200625527
0.0758810826087247
0.0368283911785756
0.0693541701367929
0.101170582942103
0.0368644876564026
0.0543063514657741
0.0846333943560237
0.0585289201073899
0.0632023415162135
0.0964164030121407
0.0799345188431424
0.0303596011211623
0.0429816393746686
0.0591542484348808
0.0517942133109268
0.0468205615801265
0.0284449471075312
0.0288553312532277
0.0305241574911705
0.0587922701573824
0.0371833083468048
0.104909379240289
0.0409230559550994
0.0665388227595995
0.062549408527809
0.0441170273157314
0.0574332878302669
0.0819370990695694
0.0631498148782573
0.0534665931572618
0.052664012873579
0.0633984694906486
0.0584633237852645
0.0330662212027678
0.0767218965011787
0.0575036391384095
0.0609780666180462
0.0467784027037578
0.0467798802972459
0.0698134146383652
0.0345639844731749
0.0287435304587768
0.0594345332628022
0.0337076996883445
0.0368625692733997
0.0514877096862938
0.0351408103231103
0.0493684553350984
0.0241257587714957
0.0632143325758965
0.0381080943227611
0.0287950899419885
0.0297374504387929
0.0399679150206091
0.0410123485893006
0.0439843757421196
0.0394756440186246
0.0473321615406914
0.0653442701409945
0.0406340097597046
0.0512218423159973
0.0414972276612988
0.0357797540247589
0.0480642286901913
0.0513060499637763
0.0665896059023196
0.0376021569363018
0.0585030147727569
0.0763181243140506
0.0471141901313025
0.0443337893318416
0.110335532513189
0.0695623628783523
0.0478144303162713
0.019946351315772
0.0576956640528475
0.0595897053461552
0.0253251241492604
0.06688269980607
0.0684392835800011
0.052421552234933
0.0708691816601925
0.0521346342313889
0.0265856802410434
0.0337272137859147
0.0881876184837769
0.054965416019537
0.0903232458095584
0.0424217330688637
0.0485344286068265
0.0560175148285647
0.0238357231401575
0.0514573980334719
0.072270953629737
0.0603968872895457
0.0488052903280207
0.0211926033855147
0.060622219895589
0.0237293649879958
0.067690974152057
0.067743980131761
0.095483328489766
0.0329212764019107
0.0262244543777733
0.0411391933700453
0.0486241386162223
0.0514405823472335
0.0543085788478126
0.036276653546292
0.0792762985550556
0.062025215284213
0.0509527422157649
0.0509202152133604
0.0528451892859927
0.0577450356702738
0.0620767515372084
0.0842679734319109
0.0760431851561157
0.0386361382558089
0.132577437004085
0.0354150516960995
0.0339903862186768
0.0670568468854032
0.039446339061684
0.0358219425185113
0.0272242643103967
0.0445661758049245
0.0798704615440737
0.0457647248857496
0.0356785431762307
0.0492551759555519
0.0576529567974836
0.0735572279066469
0.0650654759772531
0.0710589668059975
0.0440230365951125
0.0377777080853851
0.0701317407381849
0.0485176051968618
0.0254130293146558
0.0739716707109979
0.0501992927464927
0.0536017062955235
0.0398399085366092
0.0623958622660368
0.0546774585808344
0.0677674044233649
0.0399810581666299
0.0812350456396984
0.0688489882978746
0.0467547056678332
0.0538463456971034
0.0369247404998009
0.0730084579907971
0.0460822862411197
0.0690384167207388
0.0522003659397231
0.0605549964967297
0.0615172057413964
0.0737472543770366
0.0824257551487489
0.0625100490737483
0.0415308781264694
0.0677816926086986
0.0406413066764661
0.0391113289366422
0.0414855840398991
0.0519186003116769
0.0566950892996322
0.0309859971441589
0.0884536027701753
0.053832628723836
0.07310502461568
0.0879648228674011
0.0549092803018712
0.0757424306094198
0.0515958935561414
0.04159288959295
0.0701230145285509
0.0397125214539779
0.0370156551850979
0.0531349595363376
0.0638990759399711
0.0741103511816976
0.0540426194773482
0.0963915970971024
0.0477159232496673
0.0386331421841727
0.0342638050279908
0.0353217034791675
0.0426427007091902
0.0641753678297501
0.0790440703712127
0.0563157393937602
0.0806135376564773
0.0428362732702975
0.0344465373753928
0.0789394142323158
0.0410905763493036
0.0344957224648682
0.0908941521270888
0.0830002502110204
0.0392719484475601
0.0965160231445149
0.0904464625893578
0.047316452799256
0.0884410214033256
0.056634443176792
0.0552611670178567
0.0997954716547673
0.0895877261324681
0.0122423045703429
0.0490068586845821
0.0210421928310091
0.0339217172138337
0.0410385684350449
0.0325292148270959
0.071475764649002
0.036485805597607
0.0319874179600692
0.0539686730142699
0.0349138953415727
0.0474198338093554
0.0254765227634173
0.0480309008463075
0.0886434313318572
0.0391926665469547
0.0513114299149508
0.0628263367255695
0.0618040433716017
0.0441829202459913
0.0341486548644036
0.0410770741745762
0.0641108057813332
0.0501892601674111
0.0187098782749614
0.0749104988853327
0.0217773416141978
0.0561601836093217
0.0412769875690993
0.0554841476452949
0.0412490503632588
0.0826812687868028
0.0747150619003878
0.0707991106541361
0.0703562076035958
0.0378398508778414
0.0403057777314909
0.0370991877771469
0.0377833909637742
0.0835218129835295
0.0497328295757646
0.0674065249700521
0.0557626307512935
0.0532146939271949
0.107368771689138
0.0459349838072161
0.0521266193696408
0.039279744386235
0.0455166117574102
0.0797227410078396
0.0279452762957045
0.045725221112204
0.0446164699677043
0.0823099008154806
0.0160535125635695
0.054366982769418
0.0433381942231261
0.0649790153265663
0.0704503487450714
0.0683051524020985
0.0399095018586738
0.0538773776699845
0.0491417812504547
0.0663644192672212
0.0564754530936499
0.024018111883934
0.0761756224276996
0.0308537780240975
0.0274107393292975
0.0406996281845091
0.0610875876847657
0.0308752030436152
0.0318348701812077
0.0367185416672827
0.0568813283772595
0.0496238095058065
0.0528540582463905
0.0541383753532207
0.0413624830081641
0.0507668304433437
0.0476961835012626
0.0884397348024183
0.0523875055601241
0.0343489609992954
0.045216993615807
0.0554879867181116
0.0491596855317733
0.0629933159968339
0.0297359129248106
0.0471442826954716
0.0366407046989431
0.045848519663002
0.0699295482158974
0.0633959174784765
0.0445863611127027
0.0502307178754003
0.0608689733547276
0.0524992137222403
0.0391200892220327
0.0524259310077757
0.0569018963604519
0.0325633078866986
0.0500603835034759
0.0334552381145725
0.0419946472980666
0.0528403486833855
0.0484940674441913
0.0598332805521134
0.0448389628882984
0.0457433919641232
0.0417090791955593
0.0358549839901427
0.0277981261860744
0.0946482689859173
0.0403558961019463
0.0690792849143794
0.0987746473960205
0.0678127735078157
0.074741432274508
0.0482056083921867
0.0189860680088553
0.0392428798081438
0.0492679064922284
0.0473076959203978
0.0327154141030257
0.0765984263815426
0.0405755086873696
0.0555990627956436
0.0363063369237961
0.0474320306658749
0.0618559480128951
0.0461536103034776
0.0396000659537433
0.0429120740360119
0.0426951996705317
0.0459303887291313
0.0421914146913942
0.08322130606143
0.0541432704721523
0.0304550923287399
0.0831073903618902
0.043342612256959
0.101841760151628
0.0521135976355879
0.0630308640022627
0.0652187596115452
0.0522595284724633
0.0526120067059657
0.0463003506588051
0.0296190698580249
0.0519780524232903
0.0524526653491508
0.0427815932969669
0.0636673104006749
0.0339193878317967
0.0410087313152924
0.0530050026817878
0.0382716238173489
0.0238163488603336
0.0525357634789026
0.0601514913608561
0.060732072088026
0.0502874539015764
0.0511349382247328
0.101344738308037
0.0882749742759987
0.0542462658598521
0.0565905050043168
0.031898398089044
0.0897853690632837
0.0562600153053163
0.0670745742162417
0.0620564540700559
0.0465684833990602
0.0456417031243507
0.0298591535695037
0.0489917446965062
0.038170171937607
0.0639150200984503
0.0657446512790951
0.0503716944108248
0.0893135613939754
0.0507826408944558
0.0582513270011045
0.0723739841265568
0.0502341276894826
0.0358380096247912
0.0554345535424261
0.088834145429621
0.109998182311863
0.0612835472479778
0.0498548198014332
0.0437626884614181
0.0476610252573373
0.0567105759215408
0.0431282306959248
0.0506566903968247
0.0605013391543199
0.0511871373608329
0.0435927084690989
0.0382979642550534
0.0332840357280228
0.0567109180452905
0.0772556808225143
0.0457724003625039
0.0637210150509163
0.056032711357006
0.053391378617142
0.047758935261591
0.0599035115570065
0.0291197696388246
0.0374306375245017
0.0530955610747289
0.0606289470246948
0.085098368600239
0.0454057228492267
0.0807150775973136
0.0415387752718323
0.0590987943237598
0.0728642018021639
0.0767916678179176
0.0665154609810296
0.0561124412147069
0.0236178708793021
0.0326682051055901
0.0467708608740298
0.0485811385289887
0.0574059715249473
0.0585416412974058
0.0331403588259519
0.0606996741599655
0.0793620520429757
0.0275840887147859
0.0364210773868993
0.0501337551695561
0.0451129640970134
0.0233649565608899
0.0357276477305987
0.0250776909723262
0.0699726141353171
0.0565920460633344
0.0667174614329902
0.0973080924340547
0.0655571805113879
0.0385017862103896
0.0623657980536027
0.0596288930685704
0.0378975809253183
0.0540659810788732
0.0478460064883193
0.0582462300377051
0.0469009423327661
0.0722078706188918
0.0440583303288007
0.0310390104309789
0.0341822029846333
0.0385301561241458
0.0736790680286767
0.0563857502132048
0.0208512402769506
0.0490634905999264
0.0724772132944363
0.0791774375695224
0.0309965977033794
0.0459857022292171
0.0364788555152932
0.0426669337565422
0.0566221729632836
0.0623059170462382
0.0459950213558942
0.0987527902643714
0.0479403118424347
0.0650985713370339
0.0600706688031039
0.089369969433308
0.0400256683624266
0.0718412045261232
0.0345754659279651
0.0796474510886316
0.0627496442841261
0.0563402560348309
0.0523357235201988
0.0364541656420961
0.0346663296542678
0.0100566487072223
0.104568515326671
0.0795571097043874
0.080402410021563
0.0639204488591743
0.0443003832839226
0.0365225288907725
0.040386415780624
0.0500224633053083
0.0600444358568348
0.0398313180592062
0.0909677128893775
0.0436204307715957
0.101837891321982
0.0345783662376393
0.0542342462000862
0.0762630533209894
0.0882242230244165
0.0348589365568129
0.0781077610029726
0.0336005003543809
0.037889142225553
0.118606027449451
0.0516208481431505
0.0413251425824705
0.0502018577977673
0.0575846729149747
0.0571807785040777
0.0405028019820682
0.0279705243660671
0.0654971382503346
0.0231893155809024
0.106341896497026
0.0709041398319246
0.0974221654813585
0.0609200691289222
0.0499838849532316
0.0676044710966114
0.061251474714407
0.0581975284796647
0.0316303753286964
0.0461202959294866
0.0430566455164996
0.0250400573226357
0.051966642964978
0.0828805162895693
0.110498445473226
0.0513990417339617
0.053352009183869
0.0719504185089825
0.108170080409804
0.0876865266619053
0.056146963694099
0.0462700428721129
0.0709883279242829
0.0946037630481966
0.0550648269938708
0.0610791100353791
0.061824028798354
0.0765203178490557
0.0541393811600045
0.0715031796436584
0.047758792107147
0.0460332756827427
0.0410338961303985
0.0993637880567053
0.0873160650582649
0.108867158154281
0.0489987428151823
0.0495306007295638
0.0662571201952695
0.0586047530673614
0.0398647176711471
0.0564878203094454
0.0439446764355412
0.038911488990725
0.0494438239010948
0.0571084283685134
0.0235667875666087
0.0615314285494401
0.0226080925907934
0.14911502429486
0.0446078886999588
0.0407646405273491
0.0652821376935137
0.03706672078166
0.0218685789018287
0.066496840186311
0.060234368954716
0.0726152588707383
0.0672322712255321
0.0570446973374148
0.0606409129667523
0.0429145800343047
0.0673060693267793
0.0466335519928127
0.0409228340031675
0.0411226294820341
0.0335235471972984
0.0672154138608394
0.0518335861909024
0.037108077356411
0.11853154471847
0.136135833608244
0.034703082831472
0.0531925312676093
0.0444926733653845
0.0522511422317356
0.0715312917785663
0.0669602101416755
0.0765009688987636
0.0378532355909632
0.0735023933352073
0.0810005401946885
0.0680208125849373
0.0485516497563369
0.0314636472635413
0.0739141390558268
0.0628620504824025
0.0404247465107205
0.0320958476940052
0.0482448773213481
0.0318678850411372
0.0505415076167903
0.0697458554748869
0.042552222078805
0.0557594067760839
0.0229218576254264
0.0431907498308833
0.0463636142508164
0.0506302226842238
0.0581848927087954
0.0480423646615823
0.0432292089057006
0.0555244353501953
0.0492491861812525
0.0347416816714792
0.0641570506657357
0.0587849116014951
0.0762294493578056
0.05181066386149
0.0328988251116874
0.0389442111775325
0.0489217328481959
0.0363551205600321
0.087047656768083
0.0835641324415551
0.0852754053190609
0.100160366152241
0.0741371027794021
0.0394943905536382
0.0692787938836525
0.0670028525954537
0.0506087108555165
0.0379867072071361
0.0369837424838253
0.0228976596907025
0.0309180815764283
0.119972059311574
0.0246453941929365
0.0400379200043056
0.0452984727741913
0.0479719178824725
0.0664769870971131
0.0429719736267551
0.0374801596998848
0.0565911769514599
0.0632579123289854
0.0549806524062698
0.046157876950481
0.0359746219848049
0.0388496229045724
0.0482856564716632
0.0457799573838443
0.0363002282050329
0.0295560726476365
0.0630285625239534
0.0594056350498032
0.0711671817993486
0.0557495298763002
0.0495671344619125
0.0588563098600264
0.0488845074341821
0.0542176877466123
0.0396342233823974
0.0471599585288012
0.0579320924349942
0.0346566662157949
0.0433052216129961
0.041639004845682
0.086034314100631
0.0477046696368832
0.0582175632828994
0.0590783776615499
0.0538234542089631
0.0554691514343405
0.0789029845940517
0.0417417512142982
0.0447420749766321
0.0416107652483192
0.0893577865006108
0.0779946648758088
0.0569400356901143
0.0267773817771327
0.0280396862400783
0.0659239983577665
0.106680413865131
0.0456055381699791
0.0376057170180843
0.0398046859002379
0.0288249679015747
0.0571900859283908
0.0806525742469879
0.0430404291363859
0.0497239650896539
0.0554122101220314
0.0399544580661501
0.0811152241461026
0.0436018596601577
0.0636786108840056
0.0749916476850209
0.0499979954546275
0.0478506797850671
0.0854394485942897
0.0693508982286346
0.0582246164390762
0.0723942809235343
0.0493453928519757
0.0652785447432153
0.0412787503146815
0.0381879199086226
0.0498493350844874
0.0377197669977326
0.0577648999324412
0.0524038314990166
0.0525480678808202
0.0478368559596031
0.0793514058071026
0.0276910513271595
0.0412578813727058
0.057253380542573
0.0392044689671749
0.0874966830768545
0.035439309766628
0.0674091768011941
0.046903232015984
0.0415971471772977
0.0473473888900225
0.0383691646712396
0.0542682151027153
0.0645398377627654
0.0431071120790401
0.103603435306041
0.0699840345946981
0.0358152664022271
0.0145159652430376
0.0375247834228189
0.0559303339441337
0.0787473627732709
0.0679657372399436
0.0535435181582322
0.0657955626711969
0.0474087023888298
0.0763222020747151
0.0395562522953294
0.0750684153740163
0.0608640976735378
0.0714618052714729
0.0512538352782277
0.0545928438301003
0.0811948042503708
0.134121420592316
0.0458232681410074
0.0326235009578761
0.0370365834251959
0.0732548888844686
0.0302009418318425
0.0472359641785641
0.0341060751563851
0.0291431258335273
0.0931496968528509
0.0141245655488834
0.0900019174304714
0.0549116315029727
0.0724946975717139
0.0642446200517439
0.048187520425522
0.0198452434667127
0.044386200216719
0.0636595065168905
0.0557885915537175
0.0560850445632642
0.0259956579564834
0.0637949576050351
0.0462863882878191
0.0548376045298111
0.049641151165121
0.0366721500717954
0.0347358882472524
0.0537146443115586
0.0348786541397983
0.077491759432052
0.0685659108527969
0.033551002600296
0.0563721591608088
0.0723973375216679
0.0285947641036151
0.0278011679313574
0.0582236720755394
0.0386848607398949
0.0818019467555872
0.0375057144802131
0.038092235722071
0.0663813383141882
0.0482805655142385
0.050157063928841
0.0529767115085182
0.0360621436285015
0.043641490789535
0.0467933439657997
0.0853086354198748
0.0596742426258038
0.06203138147464
0.0445756543541266
0.0641221347809443
0.0357403000039355
0.0748634508506221
0.0481762581037431
0.0416815049673239
0.0453846637679448
0.0384301264078687
0.0526816170228355
0.054011329699445
0.0364238892910829
0.0343006345667314
0.0440278388896608
0.0500559865144773
0.0450403137530701
0.0356593249397121
0.0614135342849885
0.0580582419218913
0.0466976828872407
0.0540058427906174
0.0669692879421009
0.0455215556977543
0.0366585120598587
0.0378292831517227
0.0561114770954525
0.0329917515748309
0.0279152616107179
0.0664056751471563
0.109755082484029
0.0912229468938441
0.0520180620641363
0.0439564685481033
0.0380502188484038
0.0390336022712888
0.0540984193623266
0.0669181343517345
0.0547849768336428
0.0558818659248097
0.0490529370675038
0.0725838179959946
0.105492561248744
0.0581464318628573
0.0463346034691604
0.0491593091693531
0.0958960211857818
0.0518483349103371
0.107021539985536
0.0713321726873604
0.0230262191003427
0.0943770315100794
0.0548386686227544
0.080905289154923
0.057399583918536
0.0359703467468764
0.0735336280167365
0.101174625439441
0.029583272055971
0.0424388170788903
0.0662494197803391
0.0482242441647339
0.0400969963772716
0.0156307270318019
0.0822644915932809
0.0343280364528776
0.0662177162237079
0.0881457061127159
0.0756099127029193
0.050459881811375
0.0466774959270232
0.0443604935408551
0.0751351571821167
0.0370118330328435
0.0542308694095556
0.0512216848367662
0.0642811453374006
0.0632868962105682
0.127755395503977
0.053124400607096
0.101755284502112
0.0646919889662581
0.0405956142709445
0.0698714337346574
0.0257018001337213
0.0324968118909265
0.0662604962812291
0.0428946596142777
0.0378354749591658
0.0802591561823839
0.0517677236587834
0.0729196256100807
0.0364045521734322
0.0957794562358615
0.0439902480310866
0.0680364354618254
0.077881165600354
0.0331645228263312
0.0473411022208348
0.071149948282812
0.0580215005568377
0.0535906069695986
0.0719251806624057
0.0710314435285499
0.0395276873348866
0.0585952450954301
0.0442341024338992
0.0563563620029361
0.0569291546680465
0.0414138680708076
0.0571790794694397
0.033024284174994
0.135025161555961
0.0592003927147366
0.0724093583366072
0.0669694654207768
0.100436005268151
0.0349797124560751
0.0317705406828138
0.0519155170558956
0.0608938715132643
0.0511825292337694
0.0662198527488664
0.0480428468066253
0.0408073876207381
0.0425661296736286
0.0166611979895508
0.0282154454674545
0.0770535104874684
0.0616449540763032
0.0463011961939354
0.0676555337461256
0.0325509328804544
0.0492077197123071
0.0560033885543218
0.0414491806516558
0.0491148642273338
0.0314306185555978
0.0864604669441769
0.022932824651129
0.0583529384418647
0.0600408042205569
0.0501042465252926
0.0238070241532602
0.0304488089751246
0.0605160513665973
0.0750312074145794
0.0240955915797827
0.0628658738937969
0.0904783592426909
0.0651624340914152
0.0311808191543089
0.0353662236651102
0.107990980001435
0.0342732334134619
0.0582534584067133
0.0714913815953031
0.0339384171642111
0.0526668270661487
0.0671783403749041
0.0854808508969859
0.0550862202919437
0.0603151320332293
0.072818192391658
0.0525858461092987
0.025584208297912
0.0604188009402502
0.0554219120753525
0.0369936982382062
0.0659497623165498
0.0566373149389125
0.0749506961930082
0.0608887718723147
0.066410552457355
0.0250307567707555
0.0469420137755332
0.0546678690812148
0.0408348808469164
0.0458661350880254
0.053934481111481
0.0980043862400813
0.0661892932016759
0.056825586885599
0.0687200249684518
0.0307882825923813
0.0304355087290324
0.0262302233416417
0.064313199073665
0.0580272829477571
0.062331703640618
0.050978056111341
0.0418043578589659
0.0848338265442705
0.093324575311635
0.0420409613605924
0.102629274653058
0.0342665908106867
0.0385820680872295
0.0618481515484462
0.0518479124911507
0.0993055771963955
0.0317657846137267
0.0339241607338139
0.0309775001336122
0.0450601782001514
0.0685127185242744
0.0418717543001532
0.0348829951547633
0.0173025688646589
0.0483829468283005
0.0584266830504209
0.0835108963163303
0.0504575566735733
0.0595325750839194
0.0649527891153438
0.0262881952824391
0.0490908836480865
0.030356184263687
0.0486984848490295
0.0369725818442679
0.115989533149501
0.094083728141546
0.033721608362064
0.0631689212493313
0.086720855779781
0.0876459430573807
0.0911785133556186
0.0409948754662667
0.0339387537131804
0.0249719474609332
0.0636883432868595
0.0442065199764026
0.0074693938916483
0.0442835744555433
0.0761533917833456
0.0503901439287441
0.0350421595844588
0.078488255539447
0.0700951798603675
0.0451225898143887
0.034559439479507
0.0372996144219827
0.0322462047309983
0.026570993342143
0.0360231029894013
0.06380907258447
0.0515394320946145
0.0755190333856082
0.0531587362017497
0.0121330357857484
0.0552908205846704
0.0273959782079041
0.0542083381237105
0.124342791710851
0.0883616320904782
0.0830155158766322
0.0465968228558261
0.0557123952371918
0.052135832633936
0.0146631216583376
0.04419198402285
0.0451547194027026
0.0418600910844959
0.0441122937465858
0.0894658253207308
0.0908076640940311
0.0551153144310216
0.0651558655943277
0.0428527891356828
0.0209709734374857
0.065707692179389
0.0694862559496285
0.05178242616126
0.102631602531542
0.0510415263566646
0.0346500300296553
0.070833412836014
0.0646885780939899
0.0386266155615307
0.0512761482664589
0.0885453055883857
0.077323561198282
0.030298734393486
0.0527809548437081
0.0175795679395055
0.0514989691677421
0.018538423137493
0.0325353099722944
0.0782102249883254
0.025777627518913
0.0515683578160465
0.074363133879007
0.0687978681521112
0.0880096054929801
0.0472275298892645
0.054353618408886
0.0293239516777921
0.0348542032997683
0.0751823088639757
0.053527260691522
0.0128439793913065
0.0235204998394432
0.0343689496634113
0.0396761421235007
0.0379099220738044
0.0246207248517137
0.0751965181110146
0.0387058304145313
0.0397819662065089
0.0781554210846262
0.0281352003505737
0.0627153967257168
0.0743857826794113
0.0778216788775587
0.0899371809766961
0.0707683866649116
0.0488718232423874
0.0630831859939871
0.0377245865594903
0.0273634348869069
0.0861256572169751
0.0681177432489792
0.032978545357934
0.0663064598242017
0.076606006729085
0.0446802790256919
0.0125153474229056
0.0424999587179874
0.0462391848681634
0.0805995249883813
0.0475227847893701
0.0445837830384317
0.034096387228926
0.0421007044600708
0.0529149357380157
0.0533337239398105
0.0765913047077316
0.0286806554215364
0.0645259336442098
0.0462294321983611
0.0753563991777595
0.0573996965334733
0.0849886984677418
0.0612942139084728
0.0466585282020084
0.04653871108346
0.117178447595203
0.0376831560296186
0.0358292703624388
0.0394660005573254
0.0640880802829366
0.0429107508241787
0.0661949842787186
0.0417149371461986
0.0461176080427371
0.0662847564405932
0.0295361325101543
0.0264954461594712
0.0415490497756471
0.0277077893897505
0.0904798608921843
0.068505194111866
0.0528824872196572
0.0360398672950807
0.0847907426930821
0.0503594784419712
0.119535585704011
0.0782078718287538
0.0403113954042198
0.0430725343151179
0.0647206658251804
0.0524691221253827
0.0398975618078558
0.0642678631926746
0.0677910408091952
0.0244617360883795
0.0546131452475525
0.0577870958733616
0.0586580879985213
0.0944443535680553
0.0428401160022434
0.0359434629711465
0.0948254555897841
0.0870890383064669
0.0665905866683884
0.0513922727825393
0.0589761087550905
0.0645173837608586
0.040664395238525
0.0474200310983437
0.0294970313068088
0.0484106764369482
0.0704537414147956
0.0539575145194753
0.0466938389238219
0.0362761289924412
0.0847667438671084
0.0458833909986703
0.0250003731833114
0.0481814134725059
0.0448011734060643
0.0463335027169316
0.0313938892764857
0.0827878691511728
0.0851218971717429
0.0454159699416845
0.0220638841852581
0.0500350404847226
0.0578233318589961
0.0451802502739207
0.056385481654348
0.0847664237419415
0.0377599927722639
0.0361232807540406
0.0596433074488306
0.0490849227888057
0.0398600627836676
0.0625797370773788
0.0913472715329402
0.0592888008125573
0.0497744832504446
0.0491146802076529
0.0354736316756368
0.0362365692040333
0.0822190124839095
0.0613568223375054
0.048264356434975
0.0686192783606838
0.0318900920127318
0.0595175120809568
0.0444323936652591
0.0902564450190043
0.0499658154869219
0.059024557702242
0.0455854528258164
0.0654562286505946
0.0504523175952431
0.0471913550485798
0.0640904612462152
0.0684273738289429
0.0646071175559339
0.0641534989745423
0.0269533425845987
0.10020352067981
0.0471234065444494
0.0367570535754295
0.0618788918834926
0.062851796164068
0.0338452468827279
0.0519384676473572
0.0405199445785209
0.0300050584098479
0.0321482187832544
0.0685778743430422
0.0469354426839991
0.0378901546260277
0.0583565093287801
0.060445411269879
0.061354428554027
0.0475799299817384
0.0434339399691705
0.0481562392049082
0.0868134390483667
0.0387766809522498
0.0421116314230987
0.0964848278451793
0.0400144842343204
0.074591262276807
0.0670759562953543
0.0508745553211733
0.0390687669508805
0.0486729486393308
0.0990138167990572
0.0662688760439968
0.0342866050926734
0.0512270596842715
0.0582186418416719
0.105129713026632
0.0419103329583933
0.0559412660288801
0.0393560602424165
0.0630615566912676
0.0359689949389734
0.0465126193556608
0.089836344095241
0.0251507072927618
0.0689348152033321
0.0533357797849526
0.0628652974755129
0.0483331365181825
0.0582863832744494
0.0425035259249581
0.0740194606370961
0.0830425306150961
0.057893253557636
0.0780062493732354
0.0355796637938745
0.0834817672745692
0.0583874514459471
0.0508901296826291
0.0490244714647822
0.0302561257939436
0.0540308603321838
0.0461454344327061
0.0566465273196807
0.0485168955334152
0.0498422770954966
0.0423178255673818
0.0426406745490692
0.0417125420031026
0.0244910689585076
0.0860292214204279
0.0502383885677594
0.0751132337697022
0.0732454613276927
0.102578624454735
0.0527664018516279
0.0662455034819185
0.0511057765633696
0.0651848497196992
0.0438405634813731
0.0477037765490466
0.0386669385963867
0.067545522328475
0.0537708400514024
0.0294154260482006
0.0378232652483765
0.0662430117324893
0.0379259818081083
0.0474407807884816
0.0700467784244634
0.0479922961435973
0.0608003257559483
0.0675721693837986
0.085100591832513
0.0781672809947286
0.0605552384023546
0.0455997105829901
0.0156688688369015
0.0290456051815751
0.0713341911597628
0.0670723352611906
0.0571215215771015
0.0418808314314806
0.0654128350959046
0.0796155073732677
0.0439093087786435
0.121667546558811
0.0644687322604365
0.060976887037234
0.0494367894315078
0.0823602970146142
0.0286435545930038
0.0388806075865849
0.0412862248855972
0.044863281914754
0.0424732722105121
0.0464085230260618
0.0867342377688387
0.0677824968859253
0.0560328878356913
0.056136202179741
0.0330991030438558
0.0786800891236294
0.0600700633856201
0.0890151957165316
0.0300968594163191
0.0230586692715646
0.0425863747253375
0.0441409163668222
0.0594079256211327
0.0606057877988851
0.0300244515407447
0.0511873127463053
0.0826401761892336
0.0616186028960386
0.0781947036694589
0.0545762433871006
0.0394427022426543
0.0440281843594369
0.0780207113925948
0.0177565980939976
0.0472595446606559
0.0299229161197256
0.0331659791770151
0.0935457164449301
0.0702696777287242
0.0296041860472635
0.0797375879459343
0.0981187927013425
0.0451960217486831
0.0539496195624602
0.0581697629910725
0.043556844344974
0.0249123547263966
0.0652878959418138
0.0438532338232296
0.0406269753151752
0.0659238544353633
0.0435179773659239
0.0403605661199645
0.0774747367944954
0.0744670650842517
0.0485967905918624
0.0505988123030708
0.0250956487591963
0.06737386940817
0.0909068015140716
0.0660159185677408
0.0790250229381933
0.0567085897266634
0.0609152426753217
0.0299392695988057
0.0513452062203515
0.0452988619541337
0.0887176347508924
0.068206677563553
0.0459355779213224
0.0340560787102358
0.0541595843447825
0.0353993974818855
0.0537596125345157
0.0497237625854811
0.0240350313361915
0.128401020617922
0.0375165944729655
0.0818832069297839
0.0613121496130648
0.0374149346844785
0.0610688074193649
0.0428102095974325
0.046232099038796
0.0401256717397234
0.0279011668379859
0.0360425687466683
0.0295315324309196
0.0350546570025633
0.0475131738511446
0.0642925612293305
0.0502368084837349
0.0855074095641562
0.0566714517790483
0.0619909457415907
0.0303875044365348
0.0451530258491736
0.0545370841591112
0.09704083921543
0.0560155254268144
0.0846335608265031
0.0423063062366141
0.0456615237529955
0.0475114651710514
0.0434956987313767
0.0845509846760845
0.0707890349622791
0.0652800370886564
0.0663345251332573
0.0909402263984288
0.0309682611833315
0.054704006383884
0.0692197204681347
0.0768469026100066
0.0762775235871909
0.0842039126332624
0.0355717903379028
0.0532513718749799
0.0430088839401993
0.0392729723080436
0.0580795872196216
0.0456018449054641
0.0678953360354261
0.0512461189989462
0.0606639187433053
0.0564650619645316
0.0399182915753877
0.0844565315411238
0.0177875897420394
0.0561976525474174
0.0333169415206396
0.0619335882640962
0.0275483835871406
0.10074927679758
0.0802673602001825
0.0868263913869134
0.0342701938130256
0.0393931802993613
0.0729072910573018
0.0283403401169652
0.0505069998954171
0.0433511194178414
0.0595458981217886
0.0755398354346783
0.0744150431163997
0.0573343386377542
0.0495824603891405
0.0873366501361613
0.0700401271160134
0.0818314466588795
0.0782011389137519
0.0795316441062541
0.0380131717426069
0.0700883507846484
0.0873377007796527
0.0388444970363179
0.0235542278284027
0.0498860587683728
0.0446805401478159
0.0644309653627082
0.0319498710367474
0.0492492651479648
0.0757941195775186
0.0544169729054681
0.0297161500826946
0.0381220401068528
0.0636814098703412
0.0395133539596276
0.0493839883580142
0.0470963659752289
0.0622814439340701
0.0324852560203457
0.0141892878881163
0.0468729043697024
0.104265446641271
0.0748218000086162
0.0341057486280656
0.0372252489730126
0.0857373604229864
0.0939749529958953
0.0589588255432605
0.0600874297533941
0.048018460526685
0.0413540271535198
0.052531501423333
0.0344190697712346
0.045369065523861
0.0574681873656572
0.0240912807130149
0.0462822498537844
0.035984248690569
0.0616164624544545
0.0636178220528453
0.0344134409006682
0.0874846316134674
0.0516877086976215
0.0289393360363688
0.0736304294508947
0.0603886657373093
0.0573297431590851
0.0300589616562711
0.0876174702843486
0.0554002466184878
0.033723004403187
0.0621032803268779
0.0567802770046583
0.0425409865912714
0.0699311876250165
0.0449305633025062
0.0537701319424031
0.0628806349770228
0.0560826480867726
0.0318553952793632
0.0703610004676768
0.0333323775983405
0.10488618042963
0.0484062116936103
0.0188859215966959
0.0576790574287128
0.0539353995302231
0.0318581971751464
0.0355822641728458
0.0360019631389681
0.0642700995671133
0.032921720221797
0.0432398071938799
0.0330639432289332
0.0822350979564368
0.0872326641622466
0.0317863531173601
0.0601313251590548
0.0313106088829794
0.0623613363183855
0.0483188977232926
0.0792699044093287
0.0409974871526566
0.044294123651081
0.0345991035462441
0.043755383807639
0.036506713299765
0.0320389719496852
0.0455562910553842
0.0436397758410128
0.0701469666796282
0.0310253318068133
0.0934937716583362
0.0709946133311962
0.0690205228557961
0.10594662870909
0.0904013310920523
0.0760631741910398
0.0967163577477934
0.0823933314299563
0.059755139681319
0.0419309571500736
0.0652599468041414
0.0330599428346922
0.0391834675613949
0.0577792565678004
0.111408631342852
0.011651237585794
0.0555393101394214
0.0428308574848233
0.0509210846519242
0.053251970159469
0.0445354248813548
0.043536801132214
0.0559940637307125
0.0518884175018969
0.0544770329684586
0.0433161915572187
0.0582541161558576
0.0655725033920766
0.067430893163011
0.0654156421427311
0.116543072078568
0.0685672009908514
0.0407942154054842
0.0940098897234495
0.0853167479241966
0.0365893565069218
0.0569631562235335
0.0245011681463077
0.0704887817781951
0.0408284599347301
0.0619506765964878
0.0878120553619593
0.0460951114108006
0.0441513449064285
0.0879903320686348
0.0887552288038615
0.0820767323010103
0.0680603424864519
0.0262236141582939
0.0407091798114689
0.0610699623633579
0.06409435399603
0.0403025956410594
0.0483539287233004
0.0474477952921682
0.0445759175524355
0.0438864730405325
0.0658824529957226
0.092183080987689
0.113839685417115
0.0716135466954218
0.0632866606316473
0.0641252314914804
0.0693421372709078
0.0585259274159048
0.054695724510829
0.0628572400034148
0.0216789803653226
0.0418106582353462
0.0511846030007375
0.0584541091576643
0.060747845189919
0.0440040456895538
0.0588361147311737
0.0296283822918885
0.0755351349851068
0.0506463426060506
0.0558399481420147
0.0204210828042234
0.0466027524768068
0.0766625532485624
0.0417959784610388
0.0451147171898695
0.0545399220558837
0.0358736126155246
0.0690923107270306
0.0542579220110317
0.0605006213863532
0.0416937715775335
0.0712159891980704
0.0572710547051519
0.0626106086215079
0.0819423347728453
0.0402159327176262
0.0487450916695721
0.0409215310029507
0.05207025797538
0.0558754512410006
0.0678357345143867
0.0405803043907179
0.0541407791219211
0.0279289799516105
0.0514108814347096
0.0795756586561876
0.0759275721223043
0.0624839150849081
0.0474309422562589
0.0472928034281351
0.0486560035646502
0.093458297564928
0.0641207323978784
0.0244579224471254
0.026224346095064
0.0690688442022874
0.0611794429002977
0.0484832446815382
0.0370635325303912
0.0345981778972083
0.0361376299560908
0.0606967879450791
0.0590040678110731
0.0417961049684647
0.0393974535428504
0.0716160763228106
0.0190877430238129
0.0409970396902349
0.0381072749143
0.0774134540559534
0.0867732273453226
0.0658038788307193
0.0368949792675699
0.0320999377966443
0.0594255492738183
0.0892869655494135
0.0414039267677606
0.0337728574330595
0.0458930982765073
0.0682481093758854
0.0256804063896675
0.0742803767794034
0.0398273326727898
0.0814422549112793
0.0441118622524676
0.113423190361273
0.0739714869437302
0.0604839987671615
0.0465036151387125
0.0374988458727946
0.0233134729179475
0.0872992606880942
0.0508616879376574
0.0732712890944805
0.0630833670738473
0.0659683759090517
0.0852668622503184
0.057922504024186
0.0510863615043176
0.0413325600588209
0.0980749461422283
0.0489229714912626
0.076856727514192
0.0405363533402197
0.0535555244219307
0.0724258108503113
0.0581579111796588
0.0331885837887074
0.0424271465974614
0.0411961569205897
0.0369265464384747
0.057760478685058
0.0555593919127901
0.0598808640858295
0.0574758442245204
0.0710827781889326
0.0246884442723882
0.0595782860138451
0.0562250910465962
0.0439034053863006
0.055150112716741
0.0798984557492445
0.0554790886991087
0.0305580955577222
0.073261353959123
0.0749762098693887
0.0476834562204309
0.0268211972094345
0.0562876561064887
0.0530769909143915
0.0765482247826497
0.0352460638267401
0.0452078427394164
0.0749005534248037
0.0528920125803956
0.0412212543364681
0.037789097494253
0.0340143121171064
0.0351451941610611
0.0372199580683119
0.0686490568606249
0.0672168434381021
0.0638091256790484
0.04330964554767
0.0828036109114573
0.0963381385497593
0.0311416651531598
0.0326527734938941
0.0345038776988002
0.0408199533103062
0.0515191329327821
0.0517626649121544
0.0466959309127248
0.0719219555765029
0.0546312562977724
0.057824289255431
0.0573198537461825
0.0541944190568809
0.0728985097544579
0.0768232475529315
0.0973592962869431
0.0583360131353045
0.058721086885296
0.0414270403661056
0.0435310957708965
0.0482235365659516
0.033709350447443
0.100963250313032
0.0399731413272429
0.0602385027962463
0.0381506612100775
0.0549567352231585
0.0319884312908711
0.0140662514806177
0.0567239745181174
0.0792656443530337
0.0523837029344446
0.0626067923770689
0.0510922664221669
0.0707243088012367
0.0467210131529132
0.071446309981918
0.0643919499361262
0.0559756464267212
0.059005101557741
0.0367349889294201
0.052253712392168
0.0589234469732164
0.0472010615267878
0.0466021294525163
0.0611754230976362
0.0522571948349784
0.024931574177493
0.0435873597136161
0.0678816958698167
0.0491629083239819
0.0482007212330565
0.0293036173187692
0.0302705695406246
0.0610962041502297
0.128982341054368
0.0678789272596308
0.0445691962732874
0.0587647684677659
0.0277275426521024
0.0616027983909657
0.0477984491992254
0.0868007724720558
0.031525143168351
0.0679846230870331
0.109417808440655
0.0634509499435816
0.0584088478487068
0.0584638414574048
0.0655213161347429
0.0550588520375534
0.0457904445011221
0.0456236093546909
0.0348892211129672
0.0524609491592308
0.0550390732422408
0.0431965911400726
0.0442088159861746
0.0535171401150184
0.103050615662909
0.0874026261216251
0.0470645947316444
0.0448664299425679
0.0501985552692479
0.0394293319357615
0.0620807920074942
0.0172873772281673
0.105754742718827
0.0403357086350635
0.0435115068479496
0.0675460121857119
0.0528261246415655
0.0357033200491621
0.0171605220161998
0.0811876330864962
0.0440974965214472
0.0746302676083788
0.028609824320333
0.0542091727635543
0.0465450574030863
0.0378874494655494
0.0293501167222851
0.0737013782013082
0.0450194431798943
0.0654800229763305
0.0242300454377254
0.062166194696965
0.0755709854366056
0.0657475596465109
0.0493662302193965
0.034727824355255
0.0762030653215605
0.0212225847611437
0.0555321771191962
0.0399673802999308
0.0448702956586671
0.058663159844132
0.056456276050883
0.0541283691287845
0.0592276205621413
0.079468392500947
0.0393641882229577
0.0652661056295269
0.0742011920756022
0.0305272371313996
0.0412186378465634
0.0394751186430175
0.0581889903902285
0.0527411730698758
0.0287660264793664
0.0538199213638753
0.062639402608045
0.0370728909256636
0.0777496506587865
0.0371142986350866
0.0688532143934226
0.0322752910553605
0.0587093598228841
0.0601108517876139
0.0446137207693966
0.0659746557943169
0.0794471566185372
0.0344849945026637
0.0487807917353227
0.0291437479485469
0.0933436722788016
0.0518549927524791
0.0841485811216376
0.069513309705787
0.0469385043864102
0.0347587651656222
0.0637523025254763
0.0955527690254185
0.0245384619217502
0.0526336685456838
0.0396352945510962
0.0355820584587705
0.0437030087905977
0.0662657310102986
0.0792767867198286
0.0440918592912615
0.039550154768781
0.0283437223569726
0.0581629743904556
0.0676977225371016
0.0456671389357269
0.0655021710508473
0.062397856100261
0.065028291395089
0.0403125932400971
0.0290634687848304
0.0372786589961225
0.0515307631406933
0.0904395009882141
0.0805668647285732
0.022997677497783
0.0707911038500072
0.0586921035418548
0.0678257507465747
0.0432509613678757
0.0479181364588428
0.0427112375877277
0.0523368302802713
0.069892774387031
0.0656086542599344
0.0361598250085481
0.0607049375380223
0.0676053977951102
0.0475501049565549
0.0975425082373982
0.054744949966749
0.0573615974368043
0.0545586122934987
0.0401212399011886
0.048522022730855
0.0673975321706883
0.0365380444513517
0.0479928126926378
0.0614455317446416
0.0378049446578467
0.0867673337147227
0.0501470849124919
0.0561480803381883
0.0472219803975682
0.0745795126604548
0.0590780618887852
0.043352095657249
0.0942802790106942
0.0385940784733754
0.0447603309307127
0.0295210778700868
0.0804558676192747
0.0695209480323648
0.0463708633612062
0.0853287311930871
0.0576545343849142
0.0421663022998046
0.0560108273656533
0.0439022011409533
0.0479904528753559
0.11346116375812
0.095941937457598
0.0506782506355925
0.0445623699099422
0.0665734915649411
0.047299704546647
0.0318596796961185
0.0704730505025769
0.0336482830514882
0.0831497858735812
0.0624159636381564
0.0705283634834185
0.0447935452471036
0.0961094952340947
0.0500361678655862
0.0322354134858744
0.124123088433295
0.0255264507840212
0.0510764229821115
0.0672857613423296
0.0392050503046824
0.0480197960131198
0.0422554010346875
0.0555906393379548
0.0365181321921718
0.0649196803833864
0.040312589186197
0.0529050499802158
0.0202367544539302
0.0345789363498484
0.0418986906795649
0.0381648628815597
0.0365993907580556
0.068070834778735
0.0402258521908378
0.0357891382026856
0.020746409542228
0.0292492719720248
0.0635012567805478
0.0654108669472591
0.0570447835444767
0.0464522541104283
0.070920835304951
0.0395400499462886
0.0777558008228222
0.0591054282860789
0.0550971389818134
0.0429847941509665
0.0554009895699182
0.0418229163934158
0.0575623488816287
0.0327769716024078
0.0321526959403047
0.0460956160430982
0.0465635508399771
0.0417707637227362
0.0607355146529777
0.0491853341127729
0.0470033217737459
0.0572922352068949
0.0475861692524352
0.0532998411615611
0.0714062757165027
0.0371806359103552
0.0465472415055362
0.0406404699998405
0.0386434329252762
0.0145983249358559
0.0197233274028642
0.0654701512130901
0.0670304600822081
0.0810830420628626
0.0481805770494306
0.0593926844482811
0.0385529155480194
0.0418619800780537
0.06520563075513
0.0780512600682982
0.0453158333587016
0.0484630713418528
0.0358754354238153
0.0491371789384189
0.094304395035646
0.0517851697886799
0.0806243795817512
0.0498681896964425
0.0653140739274719
0.0311760846145196
0.0528633856386051
0.0736084959671621
0.0407866939574916
0.07925066760932
0.0543044756451829
0.00992319241371604
0.0277043964231527
0.110269736443777
0.0610270973386758
0.0488524243118019
0.0675727643705974
0.0696930030678313
0.14310062080136
0.0470068526686038
0.0144099204976101
0.0823188636333417
0.0608570903103718
0.0437716548079361
0.0417179710924536
0.0278693183409736
0.0638076015354153
0.0499426695661646
0.0389503140670098
0.0443446995896443
0.0367384756462541
0.0513954193265455
0.0475021901194896
0.0346873728546604
0.037025482957973
0.0876592875359314
0.0573412885407338
0.0254265664589057
0.0617042779617212
0.10435460791833
0.031928768705911
0.0286467135903087
0.0415689348920853
0.0507693196499756
0.0365717312729513
0.103631319570242
0.0504280579063752
0.0549399382303051
0.066933043112969
0.0541181314732059
0.0711976811250874
0.0432999642900302
0.087211804322022
0.0461778254388784
0.0599691243194131
0.0228130784591567
0.0333929056229878
0.0718381400981722
0.0414386830038272
0.0580823172072609
0.0686346210248635
0.0432729751540604
0.0524664362923531
0.0528518642989043
0.0367719208830925
0.104402325475075
0.0486426613897781
0.0122614783474436
0.0245004606751805
0.0748902477969303
0.0539781709917545
0.0321951719036989
0.0341318747908
0.0363443984429059
0.0400495101444484
0.0611707368597189
0.0528986255137328
0.077287827152111
0.0763665601537754
0.14585018051594
0.0621536246119896
0.0676550629070805
0.0596984348942803
0.0740985733284548
0.0588023049152892
0.0706859093022838
0.0595016999002288
0.064799829203491
0.0535831267445502
0.0547571068939053
0.0698002444166465
0.0611024468798197
0.0522650925371449
0.0600522032500527
0.045835507661316
0.0515689782938185
0.0486964850125774
0.0399045080584817
0.069231671306137
0.068474366395633
0.0630716382375765
0.0831585353633898
0.0800451036140185
0.0662384948378065
0.0463537825781361
0.070331735873729
0.0720171864533436
0.0639735754138942
0.0177548407888078
0.0816150167273432
0.032351910303393
0.0591328789350992
0.0507220867443082
0.0380888926402189
0.0561524108406162
0.0729194353541684
0.0391190898537166
0.0334630267075579
0.0255352979788569
0.0583806566661717
0.0880046377364575
0.0430005866163541
0.0791277901842312
0.0521833411697785
0.0421073310378816
0.0458129203217942
0.0865678145744117
0.0543897070514732
0.0459096867368373
0.0630246797065015
0.0675865748988768
0.051387697998334
0.0496990354153412
0.0476754669024142
0.0734394109736977
0.0362975589224544
0.0634807568077838
0.0543239978913076
0.078299198879008
0.0919749459453318
0.0630936933849227
0.0403010353602094
0.0596812941573157
0.0602863607378627
0.0776556582476741
0.0346170990109877
0.0308097183427012
0.0802004858020474
0.0700627731418852
0.0453366591934474
0.0859452792667902
0.0718953707213892
0.0659392828081482
0.0659064430144905
0.0625330562894623
0.0318136911312313
0.0427526487458784
0.0791029768324823
0.0414878227158532
0.0539924564511107
0.0405011886436961
0.0569484565455536
0.0213381646086959
0.0347595431270627
0.0418114201017595
0.0632741830168364
0.0640948149301206
0.0415837299729306
0.0607211800931487
0.0605953354494299
0.0454562780620331
0.0624473505532712
0.0506639196640227
0.0530520063572714
0.0636657695532778
0.0515479923327253
0.0295473603762251
0.0574111112580618
0.0440998083183993
0.118387563933645
0.0412461741745423
0.108834207434599
0.0619605016418038
0.0794778283247366
0.0401827340252763
0.0386908270716864
0.0691840383098318
0.0637621629867522
0.0698892741925595
0.0363660111750262
0.0192455061327216
0.0613443900622378
0.0753552185644575
0.0510993882769253
0.0332227790549965
0.0805396183886291
0.0729449314365117
0.031197872113105
0.107948381554388
0.0796687092091019
0.0791621574162577
0.0547847169482821
0.0356278350926768
0.0475869234406964
0.0647164629152766
0.0758557529778899
0.0517868361689142
0.087312676595846
0.0276852246694132
0.0569216708447747
0.056101862274791
